text,label
['MARKETING AFFILIATE AGREEMENT'],Non-Disparagement
['MARKETING AFFILIATE AGREEMENT'],Anti-Assignment
['MARKETING AFFILIATE AGREEMENT'],Minimum Commitment
['MARKETING AFFILIATE AGREEMENT'],License Grant
['MARKETING AFFILIATE AGREEMENT'],Audit Rights
['MARKETING AFFILIATE AGREEMENT'],Cap On Liability
['MARKETING AFFILIATE AGREEMENT'],Warranty Duration
['VIDEO-ON-DEMAND CONTENT LICENSE AGREEMENT'],Most Favored Nation
['VIDEO-ON-DEMAND CONTENT LICENSE AGREEMENT'],Termination For Convenience
['VIDEO-ON-DEMAND CONTENT LICENSE AGREEMENT'],Anti-Assignment
['VIDEO-ON-DEMAND CONTENT LICENSE AGREEMENT'],Revenue/Profit Sharing
['VIDEO-ON-DEMAND CONTENT LICENSE AGREEMENT'],Minimum Commitment
['VIDEO-ON-DEMAND CONTENT LICENSE AGREEMENT'],License Grant
['VIDEO-ON-DEMAND CONTENT LICENSE AGREEMENT'],Unlimited/All-You-Can-Eat-License
['VIDEO-ON-DEMAND CONTENT LICENSE AGREEMENT'],Audit Rights
['VIDEO-ON-DEMAND CONTENT LICENSE AGREEMENT'],Uncapped Liability
['VIDEO-ON-DEMAND CONTENT LICENSE AGREEMENT'],Cap On Liability
['CONTENT DISTRIBUTION AND LICENSE AGREEMENT'],Exclusivity
['CONTENT DISTRIBUTION AND LICENSE AGREEMENT'],Revenue/Profit Sharing
['CONTENT DISTRIBUTION AND LICENSE AGREEMENT'],License Grant
['CONTENT DISTRIBUTION AND LICENSE AGREEMENT'],Affiliate License-Licensee
['CONTENT DISTRIBUTION AND LICENSE AGREEMENT'],Unlimited/All-You-Can-Eat-License
['CONTENT DISTRIBUTION AND LICENSE AGREEMENT'],Audit Rights
['WEBSITE CONTENT LICENSE AGREEMENT'],Exclusivity
['WEBSITE CONTENT LICENSE AGREEMENT'],Change Of Control
['WEBSITE CONTENT LICENSE AGREEMENT'],Anti-Assignment
['WEBSITE CONTENT LICENSE AGREEMENT'],Revenue/Profit Sharing
['WEBSITE CONTENT LICENSE AGREEMENT'],License Grant
['WEBSITE CONTENT LICENSE AGREEMENT'],Non-Transferable License
['WEBSITE CONTENT LICENSE AGREEMENT'],Audit Rights
['WEBSITE CONTENT LICENSE AGREEMENT'],Uncapped Liability
['WEBSITE CONTENT LICENSE AGREEMENT'],Cap On Liability
['CONTENT LICENSE AGREEMENT'],Rofr/Rofo/Rofn
['CONTENT LICENSE AGREEMENT'],Anti-Assignment
['CONTENT LICENSE AGREEMENT'],Revenue/Profit Sharing
['CONTENT LICENSE AGREEMENT'],License Grant
['CONTENT LICENSE AGREEMENT'],Irrevocable Or Perpetual License
['CONTENT LICENSE AGREEMENT'],Audit Rights
['CONTENT LICENSE AGREEMENT'],Uncapped Liability
['CONTENT LICENSE AGREEMENT'],Cap On Liability
['CO-BRANDING AND SERVICES AGREEMENT'],Change Of Control
['CO-BRANDING AND SERVICES AGREEMENT'],Anti-Assignment
['CO-BRANDING AND SERVICES AGREEMENT'],License Grant
['CO-BRANDING AND SERVICES AGREEMENT'],Cap On Liability
['CO-BRANDING AGREEMENT'],Competitive Restriction Exception
['CO-BRANDING AGREEMENT'],Non-Compete
['CO-BRANDING AGREEMENT'],Exclusivity
['CO-BRANDING AGREEMENT'],Rofr/Rofo/Rofn
['CO-BRANDING AGREEMENT'],Change Of Control
['CO-BRANDING AGREEMENT'],Anti-Assignment
['CO-BRANDING AGREEMENT'],Price Restrictions
['CO-BRANDING AGREEMENT'],Minimum Commitment
['CO-BRANDING AGREEMENT'],License Grant
['CO-BRANDING AGREEMENT'],Non-Transferable License
['CO-BRANDING AGREEMENT'],Uncapped Liability
['CO-BRANDING AGREEMENT'],Cap On Liability
['CO-BRANDING AGREEMENT'],Covenant Not To Sue
['PRODUCT DEVELOPMENT AND CO-BRANDING AGREEMENT'],Most Favored Nation
['PRODUCT DEVELOPMENT AND CO-BRANDING AGREEMENT'],Exclusivity
['PRODUCT DEVELOPMENT AND CO-BRANDING AGREEMENT'],Anti-Assignment
['PRODUCT DEVELOPMENT AND CO-BRANDING AGREEMENT'],Revenue/Profit Sharing
['PRODUCT DEVELOPMENT AND CO-BRANDING AGREEMENT'],Minimum Commitment
['PRODUCT DEVELOPMENT AND CO-BRANDING AGREEMENT'],Volume Restriction
['PRODUCT DEVELOPMENT AND CO-BRANDING AGREEMENT'],Joint Ip Ownership
['PRODUCT DEVELOPMENT AND CO-BRANDING AGREEMENT'],License Grant
['PRODUCT DEVELOPMENT AND CO-BRANDING AGREEMENT'],Audit Rights
['PRODUCT DEVELOPMENT AND CO-BRANDING AGREEMENT'],Covenant Not To Sue
['ENDORSEMENT LICENSING AND CO-BRANDING AGREEMENT'],Competitive Restriction Exception
['ENDORSEMENT LICENSING AND CO-BRANDING AGREEMENT'],Non-Compete
['ENDORSEMENT LICENSING AND CO-BRANDING AGREEMENT'],Exclusivity
['ENDORSEMENT LICENSING AND CO-BRANDING AGREEMENT'],Rofr/Rofo/Rofn
['ENDORSEMENT LICENSING AND CO-BRANDING AGREEMENT'],Change Of Control
['ENDORSEMENT LICENSING AND CO-BRANDING AGREEMENT'],Anti-Assignment
['ENDORSEMENT LICENSING AND CO-BRANDING AGREEMENT'],Revenue/Profit Sharing
['ENDORSEMENT LICENSING AND CO-BRANDING AGREEMENT'],Minimum Commitment
['ENDORSEMENT LICENSING AND CO-BRANDING AGREEMENT'],Volume Restriction
['ENDORSEMENT LICENSING AND CO-BRANDING AGREEMENT'],Ip Ownership Assignment
['ENDORSEMENT LICENSING AND CO-BRANDING AGREEMENT'],License Grant
['ENDORSEMENT LICENSING AND CO-BRANDING AGREEMENT'],Post-Termination Services
['ENDORSEMENT LICENSING AND CO-BRANDING AGREEMENT'],Audit Rights
['ENDORSEMENT LICENSING AND CO-BRANDING AGREEMENT'],Cap On Liability
['ENDORSEMENT LICENSING AND CO-BRANDING AGREEMENT'],Insurance
['ENDORSEMENT LICENSING AND CO-BRANDING AGREEMENT'],Covenant Not To Sue
['CO-BRANDING AGREEMENT'],Most Favored Nation
['CO-BRANDING AGREEMENT'],Competitive Restriction Exception
['CO-BRANDING AGREEMENT'],Non-Compete
['CO-BRANDING AGREEMENT'],Change Of Control
['CO-BRANDING AGREEMENT'],Anti-Assignment
['CO-BRANDING AGREEMENT'],Revenue/Profit Sharing
['CO-BRANDING AGREEMENT'],Ip Ownership Assignment
['CO-BRANDING AGREEMENT'],Joint Ip Ownership
['CO-BRANDING AGREEMENT'],License Grant
['CO-BRANDING AGREEMENT'],Non-Transferable License
['CO-BRANDING AGREEMENT'],Affiliate License-Licensor
['CO-BRANDING AGREEMENT'],Affiliate License-Licensee
['CO-BRANDING AGREEMENT'],Post-Termination Services
['CO-BRANDING AGREEMENT'],Audit Rights
['CO-BRANDING AGREEMENT'],Uncapped Liability
['CO-BRANDING AGREEMENT'],Cap On Liability
['DEVELOPMENT AGREEMENT'],Competitive Restriction Exception
['DEVELOPMENT AGREEMENT'],Exclusivity
['DEVELOPMENT AGREEMENT'],Rofr/Rofo/Rofn
['DEVELOPMENT AGREEMENT'],Change Of Control
['DEVELOPMENT AGREEMENT'],Anti-Assignment
['DEVELOPMENT AGREEMENT'],Ip Ownership Assignment
['DEVELOPMENT AGREEMENT'],Joint Ip Ownership
['DEVELOPMENT AGREEMENT'],License Grant
['DEVELOPMENT AGREEMENT'],Affiliate License-Licensee
['DEVELOPMENT AGREEMENT'],Uncapped Liability
['DEVELOPMENT AGREEMENT'],Cap On Liability
['EXCLUSIVE LICENSE AND PRODUCT DEVELOPMENT AGREEMENT'],Non-Compete
['EXCLUSIVE LICENSE AND PRODUCT DEVELOPMENT AGREEMENT'],Exclusivity
['EXCLUSIVE LICENSE AND PRODUCT DEVELOPMENT AGREEMENT'],Termination For Convenience
['EXCLUSIVE LICENSE AND PRODUCT DEVELOPMENT AGREEMENT'],Change Of Control
['EXCLUSIVE LICENSE AND PRODUCT DEVELOPMENT AGREEMENT'],Anti-Assignment
['EXCLUSIVE LICENSE AND PRODUCT DEVELOPMENT AGREEMENT'],Revenue/Profit Sharing
['EXCLUSIVE LICENSE AND PRODUCT DEVELOPMENT AGREEMENT'],Minimum Commitment
['EXCLUSIVE LICENSE AND PRODUCT DEVELOPMENT AGREEMENT'],Volume Restriction
['EXCLUSIVE LICENSE AND PRODUCT DEVELOPMENT AGREEMENT'],License Grant
['EXCLUSIVE LICENSE AND PRODUCT DEVELOPMENT AGREEMENT'],Post-Termination Services
['EXCLUSIVE LICENSE AND PRODUCT DEVELOPMENT AGREEMENT'],Audit Rights
['EXCLUSIVE LICENSE AND PRODUCT DEVELOPMENT AGREEMENT'],Cap On Liability
['EXCLUSIVE LICENSE AND PRODUCT DEVELOPMENT AGREEMENT'],Insurance
['JOINT DEVELOPMENT AGREEMENT'],Competitive Restriction Exception
['JOINT DEVELOPMENT AGREEMENT'],Non-Compete
['JOINT DEVELOPMENT AGREEMENT'],Termination For Convenience
['JOINT DEVELOPMENT AGREEMENT'],Rofr/Rofo/Rofn
['JOINT DEVELOPMENT AGREEMENT'],Change Of Control
['JOINT DEVELOPMENT AGREEMENT'],Anti-Assignment
['JOINT DEVELOPMENT AGREEMENT'],Ip Ownership Assignment
['JOINT DEVELOPMENT AGREEMENT'],License Grant
['JOINT DEVELOPMENT AGREEMENT'],Non-Transferable License
['JOINT DEVELOPMENT AGREEMENT'],Affiliate License-Licensee
['JOINT DEVELOPMENT AGREEMENT'],Irrevocable Or Perpetual License
['JOINT DEVELOPMENT AGREEMENT'],Post-Termination Services
['JOINT DEVELOPMENT AGREEMENT'],Audit Rights
['JOINT DEVELOPMENT AGREEMENT'],Uncapped Liability
['JOINT DEVELOPMENT AGREEMENT'],Cap On Liability
['RECIPE DEVELOPMENT AGREEMENT'],Exclusivity
['RECIPE DEVELOPMENT AGREEMENT'],Anti-Assignment
['RECIPE DEVELOPMENT AGREEMENT'],Ip Ownership Assignment
['RECIPE DEVELOPMENT AGREEMENT'],Uncapped Liability
['RECIPE DEVELOPMENT AGREEMENT'],Cap On Liability
['RECIPE DEVELOPMENT AGREEMENT'],Covenant Not To Sue
['Distributorship agreement'],Non-Compete
['Distributorship agreement'],Anti-Assignment
['Distributorship agreement'],License Grant
['Distributorship agreement'],Post-Termination Services
['Distributorship agreement'],Audit Rights
['Distributorship agreement'],Insurance
['Distributorship agreement'],Covenant Not To Sue
['DISTRIBUTOR AGREEMENT'],Most Favored Nation
['DISTRIBUTOR AGREEMENT'],Exclusivity
['DISTRIBUTOR AGREEMENT'],No-Solicit Of Customers
['DISTRIBUTOR AGREEMENT'],Anti-Assignment
['DISTRIBUTOR AGREEMENT'],Price Restrictions
['DISTRIBUTOR AGREEMENT'],Volume Restriction
['DISTRIBUTOR AGREEMENT'],Ip Ownership Assignment
['DISTRIBUTOR AGREEMENT'],Post-Termination Services
['DISTRIBUTOR AGREEMENT'],Cap On Liability
['DISTRIBUTOR AGREEMENT'],Warranty Duration
['DISTRIBUTOR AGREEMENT'],Covenant Not To Sue
['NON-EXCLUSIVE DISTRIBUTOR AGREEMENT'],Non-Compete
['NON-EXCLUSIVE DISTRIBUTOR AGREEMENT'],Termination For Convenience
['NON-EXCLUSIVE DISTRIBUTOR AGREEMENT'],Anti-Assignment
['NON-EXCLUSIVE DISTRIBUTOR AGREEMENT'],Minimum Commitment
['NON-EXCLUSIVE DISTRIBUTOR AGREEMENT'],License Grant
['NON-EXCLUSIVE DISTRIBUTOR AGREEMENT'],Audit Rights
['NON-EXCLUSIVE DISTRIBUTOR AGREEMENT'],Cap On Liability
['NON-EXCLUSIVE DISTRIBUTOR AGREEMENT'],Warranty Duration
['NON-EXCLUSIVE DISTRIBUTOR AGREEMENT'],Covenant Not To Sue
['EXCLUSIVE DISTRIBUTOR AGREEMENT'],Non-Compete
['EXCLUSIVE DISTRIBUTOR AGREEMENT'],Exclusivity
['EXCLUSIVE DISTRIBUTOR AGREEMENT'],Non-Disparagement
['EXCLUSIVE DISTRIBUTOR AGREEMENT'],Anti-Assignment
['EXCLUSIVE DISTRIBUTOR AGREEMENT'],Minimum Commitment
['EXCLUSIVE DISTRIBUTOR AGREEMENT'],Ip Ownership Assignment
['EXCLUSIVE DISTRIBUTOR AGREEMENT'],License Grant
['EXCLUSIVE DISTRIBUTOR AGREEMENT'],Non-Transferable License
['EXCLUSIVE DISTRIBUTOR AGREEMENT'],Audit Rights
['EXCLUSIVE DISTRIBUTOR AGREEMENT'],Cap On Liability
['EXCLUSIVE DISTRIBUTOR AGREEMENT'],Competitive Restriction Exception
['EXCLUSIVE DISTRIBUTOR AGREEMENT'],Exclusivity
['EXCLUSIVE DISTRIBUTOR AGREEMENT'],Rofr/Rofo/Rofn
['EXCLUSIVE DISTRIBUTOR AGREEMENT'],Change Of Control
['EXCLUSIVE DISTRIBUTOR AGREEMENT'],Anti-Assignment
['EXCLUSIVE DISTRIBUTOR AGREEMENT'],Revenue/Profit Sharing
['EXCLUSIVE DISTRIBUTOR AGREEMENT'],Minimum Commitment
['EXCLUSIVE DISTRIBUTOR AGREEMENT'],License Grant
['EXCLUSIVE DISTRIBUTOR AGREEMENT'],Non-Transferable License
['EXCLUSIVE DISTRIBUTOR AGREEMENT'],Audit Rights
['EXCLUSIVE DISTRIBUTOR AGREEMENT'],Cap On Liability
['ENDORSEMENT AGREEMENT ADDENDUM I'],Revenue/Profit Sharing
['ENDORSEMENT AGREEMENT'],Non-Compete
['ENDORSEMENT AGREEMENT'],Anti-Assignment
['ENDORSEMENT AGREEMENT'],Revenue/Profit Sharing
['ENDORSEMENT AGREEMENT'],Volume Restriction
['ENDORSEMENT AGREEMENT'],License Grant
['ENDORSEMENT AGREEMENT'],Non-Transferable License
['COLLABORATION & ENDORSEMENT AGREEMENT'],Non-Compete
['COLLABORATION & ENDORSEMENT AGREEMENT'],Exclusivity
['COLLABORATION & ENDORSEMENT AGREEMENT'],Rofr/Rofo/Rofn
['COLLABORATION & ENDORSEMENT AGREEMENT'],Anti-Assignment
['COLLABORATION & ENDORSEMENT AGREEMENT'],Revenue/Profit Sharing
['COLLABORATION & ENDORSEMENT AGREEMENT'],Volume Restriction
['COLLABORATION & ENDORSEMENT AGREEMENT'],Joint Ip Ownership
['COLLABORATION & ENDORSEMENT AGREEMENT'],License Grant
['COLLABORATION & ENDORSEMENT AGREEMENT'],Non-Transferable License
['COLLABORATION & ENDORSEMENT AGREEMENT'],Unlimited/All-You-Can-Eat-License
['COLLABORATION & ENDORSEMENT AGREEMENT'],Post-Termination Services
['GAS FRANCHISE AGREEMENT'],Revenue/Profit Sharing
['MASTER FRANCHISE AGREEMENT'],Competitive Restriction Exception
['MASTER FRANCHISE AGREEMENT'],Exclusivity
['MASTER FRANCHISE AGREEMENT'],Non-Disparagement
['MASTER FRANCHISE AGREEMENT'],Anti-Assignment
['MASTER FRANCHISE AGREEMENT'],Revenue/Profit Sharing
['MASTER FRANCHISE AGREEMENT'],Minimum Commitment
['MASTER FRANCHISE AGREEMENT'],Ip Ownership Assignment
['MASTER FRANCHISE AGREEMENT'],License Grant
['MASTER FRANCHISE AGREEMENT'],Audit Rights
['MASTER FRANCHISE AGREEMENT'],Insurance
['MASTER FRANCHISE AGREEMENT'],Covenant Not To Sue
"['Website Design, Development and Hosting Agreement']",Termination For Convenience
"['Website Design, Development and Hosting Agreement']",License Grant
['MOBILE VIRTUALNETWORK ENABLER HOSTING AGREEMENT'],No-Solicit Of Employees
['MOBILE VIRTUALNETWORK ENABLER HOSTING AGREEMENT'],Termination For Convenience
['MOBILE VIRTUALNETWORK ENABLER HOSTING AGREEMENT'],Anti-Assignment
['MOBILE VIRTUALNETWORK ENABLER HOSTING AGREEMENT'],License Grant
['MOBILE VIRTUALNETWORK ENABLER HOSTING AGREEMENT'],Uncapped Liability
['MOBILE VIRTUALNETWORK ENABLER HOSTING AGREEMENT'],Cap On Liability
['MOBILE VIRTUALNETWORK ENABLER HOSTING AGREEMENT'],Liquidated Damages
['SERVICES AND HOSTING AGREEMENT'],No-Solicit Of Employees
['SERVICES AND HOSTING AGREEMENT'],Termination For Convenience
['SERVICES AND HOSTING AGREEMENT'],Anti-Assignment
['SERVICES AND HOSTING AGREEMENT'],Price Restrictions
['SERVICES AND HOSTING AGREEMENT'],Ip Ownership Assignment
['SERVICES AND HOSTING AGREEMENT'],License Grant
['SERVICES AND HOSTING AGREEMENT'],Non-Transferable License
['SERVICES AND HOSTING AGREEMENT'],Cap On Liability
['SERVICES AND HOSTING AGREEMENT'],Liquidated Damages
['e-business Hosting Agreement'],Termination For Convenience
['e-business Hosting Agreement'],Anti-Assignment
['e-business Hosting Agreement'],Volume Restriction
['e-business Hosting Agreement'],License Grant
['e-business Hosting Agreement'],Non-Transferable License
['e-business Hosting Agreement'],Affiliate License-Licensee
['e-business Hosting Agreement'],Irrevocable Or Perpetual License
['e-business Hosting Agreement'],Uncapped Liability
['e-business Hosting Agreement'],Cap On Liability
['e-business Hosting Agreement'],Insurance
"['INTELLECTUAL PROPERTY AGREEMENT, d']",Termination For Convenience
"['INTELLECTUAL PROPERTY AGREEMENT, d']",Change Of Control
"['INTELLECTUAL PROPERTY AGREEMENT, d']",Anti-Assignment
"['INTELLECTUAL PROPERTY AGREEMENT, d']",Ip Ownership Assignment
"['INTELLECTUAL PROPERTY AGREEMENT, d']",License Grant
"['INTELLECTUAL PROPERTY AGREEMENT, d']",Non-Transferable License
"['INTELLECTUAL PROPERTY AGREEMENT, d']",Affiliate License-Licensee
"['INTELLECTUAL PROPERTY AGREEMENT, d']",Irrevocable Or Perpetual License
"['INTELLECTUAL PROPERTY AGREEMENT, d']",Cap On Liability
"['INTELLECTUAL PROPERTY AGREEMENT, d']",Covenant Not To Sue
"['INTELLECTUAL PROPERTY AGREEMENT, d']",Termination For Convenience
"['INTELLECTUAL PROPERTY AGREEMENT, d']",Change Of Control
"['INTELLECTUAL PROPERTY AGREEMENT, d']",Anti-Assignment
"['INTELLECTUAL PROPERTY AGREEMENT, d']",Ip Ownership Assignment
"['INTELLECTUAL PROPERTY AGREEMENT, d']",License Grant
"['INTELLECTUAL PROPERTY AGREEMENT, d']",Non-Transferable License
"['INTELLECTUAL PROPERTY AGREEMENT, d']",Affiliate License-Licensor
"['INTELLECTUAL PROPERTY AGREEMENT, d']",Affiliate License-Licensee
"['INTELLECTUAL PROPERTY AGREEMENT, d']",Irrevocable Or Perpetual License
"['INTELLECTUAL PROPERTY AGREEMENT, d']",Cap On Liability
"['INTELLECTUAL PROPERTY AGREEMENT, d']",Insurance
"['INTELLECTUAL PROPERTY AGREEMENT, d']",Covenant Not To Sue
['INTELLECTUAL PROPERTY RIGHTS AGREEMENT'],Exclusivity
['INTELLECTUAL PROPERTY RIGHTS AGREEMENT'],Rofr/Rofo/Rofn
['INTELLECTUAL PROPERTY RIGHTS AGREEMENT'],Anti-Assignment
['INTELLECTUAL PROPERTY RIGHTS AGREEMENT'],Ip Ownership Assignment
['INTELLECTUAL PROPERTY RIGHTS AGREEMENT'],License Grant
['INTELLECTUAL PROPERTY RIGHTS AGREEMENT'],Non-Transferable License
['INTELLECTUAL PROPERTY RIGHTS AGREEMENT'],Affiliate License-Licensee
['INTELLECTUAL PROPERTY RIGHTS AGREEMENT'],Irrevocable Or Perpetual License
['SPONSORED RESEARCH AND LICENSE AGREEMENT'],Exclusivity
['SPONSORED RESEARCH AND LICENSE AGREEMENT'],Termination For Convenience
['SPONSORED RESEARCH AND LICENSE AGREEMENT'],Rofr/Rofo/Rofn
['SPONSORED RESEARCH AND LICENSE AGREEMENT'],Anti-Assignment
['SPONSORED RESEARCH AND LICENSE AGREEMENT'],Revenue/Profit Sharing
['SPONSORED RESEARCH AND LICENSE AGREEMENT'],Ip Ownership Assignment
['SPONSORED RESEARCH AND LICENSE AGREEMENT'],Joint Ip Ownership
['SPONSORED RESEARCH AND LICENSE AGREEMENT'],License Grant
['SPONSORED RESEARCH AND LICENSE AGREEMENT'],Post-Termination Services
['SPONSORED RESEARCH AND LICENSE AGREEMENT'],Audit Rights
['SPONSORED RESEARCH AND LICENSE AGREEMENT'],Cap On Liability
['SPONSORED RESEARCH AND LICENSE AGREEMENT'],Insurance
['MEDIA LICENSE AGREEMENT'],Exclusivity
['MEDIA LICENSE AGREEMENT'],Rofr/Rofo/Rofn
['MEDIA LICENSE AGREEMENT'],Change Of Control
['MEDIA LICENSE AGREEMENT'],Anti-Assignment
['MEDIA LICENSE AGREEMENT'],Price Restrictions
['MEDIA LICENSE AGREEMENT'],Minimum Commitment
['MEDIA LICENSE AGREEMENT'],Ip Ownership Assignment
['MEDIA LICENSE AGREEMENT'],License Grant
['MEDIA LICENSE AGREEMENT'],Non-Transferable License
['MEDIA LICENSE AGREEMENT'],Affiliate License-Licensee
['MEDIA LICENSE AGREEMENT'],Post-Termination Services
['MEDIA LICENSE AGREEMENT'],Covenant Not To Sue
['COMMERCIALIZATION AND LICENSE AGREEMENT'],Non-Compete
['COMMERCIALIZATION AND LICENSE AGREEMENT'],Exclusivity
['COMMERCIALIZATION AND LICENSE AGREEMENT'],Termination For Convenience
['COMMERCIALIZATION AND LICENSE AGREEMENT'],Change Of Control
['COMMERCIALIZATION AND LICENSE AGREEMENT'],Anti-Assignment
['COMMERCIALIZATION AND LICENSE AGREEMENT'],Revenue/Profit Sharing
['COMMERCIALIZATION AND LICENSE AGREEMENT'],Minimum Commitment
['COMMERCIALIZATION AND LICENSE AGREEMENT'],Ip Ownership Assignment
['COMMERCIALIZATION AND LICENSE AGREEMENT'],License Grant
['COMMERCIALIZATION AND LICENSE AGREEMENT'],Non-Transferable License
['COMMERCIALIZATION AND LICENSE AGREEMENT'],Irrevocable Or Perpetual License
['COMMERCIALIZATION AND LICENSE AGREEMENT'],Post-Termination Services
['COMMERCIALIZATION AND LICENSE AGREEMENT'],Audit Rights
['COMMERCIALIZATION AND LICENSE AGREEMENT'],Uncapped Liability
['COMMERCIALIZATION AND LICENSE AGREEMENT'],Cap On Liability
['COMMERCIALIZATION AND LICENSE AGREEMENT'],Insurance
['COMMERCIALIZATION AND LICENSE AGREEMENT'],Covenant Not To Sue
['NON-EXCLUSIVE LICENSE AGREEMENT- FOR SALES'],Termination For Convenience
['NON-EXCLUSIVE LICENSE AGREEMENT- FOR SALES'],Rofr/Rofo/Rofn
['NON-EXCLUSIVE LICENSE AGREEMENT- FOR SALES'],Change Of Control
['NON-EXCLUSIVE LICENSE AGREEMENT- FOR SALES'],Anti-Assignment
['NON-EXCLUSIVE LICENSE AGREEMENT- FOR SALES'],Revenue/Profit Sharing
['NON-EXCLUSIVE LICENSE AGREEMENT- FOR SALES'],Minimum Commitment
['NON-EXCLUSIVE LICENSE AGREEMENT- FOR SALES'],License Grant
['NON-EXCLUSIVE LICENSE AGREEMENT- FOR SALES'],Non-Transferable License
['NON-EXCLUSIVE LICENSE AGREEMENT- FOR SALES'],Audit Rights
['NON-EXCLUSIVE LICENSE AGREEMENT- FOR SALES'],Cap On Liability
['NON-EXCLUSIVE LICENSE AGREEMENT- FOR SALES'],Liquidated Damages
['NON-EXCLUSIVE LICENSE AGREEMENT- FOR SALES'],Insurance
['Network Build and Maintenance Agreement'],Change Of Control
['Network Build and Maintenance Agreement'],Anti-Assignment
['Network Build and Maintenance Agreement'],Ip Ownership Assignment
['Network Build and Maintenance Agreement'],License Grant
['Network Build and Maintenance Agreement'],Non-Transferable License
['Network Build and Maintenance Agreement'],Affiliate License-Licensee
['Network Build and Maintenance Agreement'],Irrevocable Or Perpetual License
['Network Build and Maintenance Agreement'],Post-Termination Services
['Network Build and Maintenance Agreement'],Audit Rights
['Network Build and Maintenance Agreement'],Uncapped Liability
['Network Build and Maintenance Agreement'],Cap On Liability
['Network Build and Maintenance Agreement'],Warranty Duration
['Network Build and Maintenance Agreement'],Insurance
['Network Build and Maintenance Agreement'],Third Party Beneficiary
['MASTER OPERATION AND MAINTENANCE AGREEMENT'],Anti-Assignment
['MASTER OPERATION AND MAINTENANCE AGREEMENT'],Minimum Commitment
['MASTER OPERATION AND MAINTENANCE AGREEMENT'],License Grant
['MASTER OPERATION AND MAINTENANCE AGREEMENT'],Post-Termination Services
['MASTER OPERATION AND MAINTENANCE AGREEMENT'],Audit Rights
['MASTER OPERATION AND MAINTENANCE AGREEMENT'],Uncapped Liability
['MASTER OPERATION AND MAINTENANCE AGREEMENT'],Cap On Liability
['MASTER OPERATION AND MAINTENANCE AGREEMENT'],Warranty Duration
['MASTER OPERATION AND MAINTENANCE AGREEMENT'],Insurance
['TURN - KEY MANUFACTURING AGREEMENT'],Non-Compete
['TURN - KEY MANUFACTURING AGREEMENT'],No-Solicit Of Employees
['TURN - KEY MANUFACTURING AGREEMENT'],Termination For Convenience
['TURN - KEY MANUFACTURING AGREEMENT'],Anti-Assignment
['TURN - KEY MANUFACTURING AGREEMENT'],Minimum Commitment
['TURN - KEY MANUFACTURING AGREEMENT'],Post-Termination Services
['TURN - KEY MANUFACTURING AGREEMENT'],Audit Rights
['TURN - KEY MANUFACTURING AGREEMENT'],Cap On Liability
['TURN - KEY MANUFACTURING AGREEMENT'],Warranty Duration
['TURN - KEY MANUFACTURING AGREEMENT'],Insurance
['MANUFACTURING AND SUPPLY AGREEMENT (DA-9801 Licensed Products)'],Audit Rights
['MANUFACTURING AND SUPPLY AGREEMENT (DA-9801 Licensed Products)'],Warranty Duration
['PRODUCT MANUFACTURING AGREEMENT'],Exclusivity
['PRODUCT MANUFACTURING AGREEMENT'],Change Of Control
['PRODUCT MANUFACTURING AGREEMENT'],Anti-Assignment
['PRODUCT MANUFACTURING AGREEMENT'],Price Restrictions
['PRODUCT MANUFACTURING AGREEMENT'],Minimum Commitment
['PRODUCT MANUFACTURING AGREEMENT'],Volume Restriction
['PRODUCT MANUFACTURING AGREEMENT'],Joint Ip Ownership
['PRODUCT MANUFACTURING AGREEMENT'],License Grant
['PRODUCT MANUFACTURING AGREEMENT'],Post-Termination Services
['PRODUCT MANUFACTURING AGREEMENT'],Audit Rights
['PRODUCT MANUFACTURING AGREEMENT'],Uncapped Liability
['PRODUCT MANUFACTURING AGREEMENT'],Cap On Liability
['PRODUCT MANUFACTURING AGREEMENT'],Warranty Duration
['PRODUCT MANUFACTURING AGREEMENT'],Insurance
['MANUFACTURING AND SUPPLY AGREEMENT'],Competitive Restriction Exception
['MANUFACTURING AND SUPPLY AGREEMENT'],Exclusivity
['MANUFACTURING AND SUPPLY AGREEMENT'],No-Solicit Of Employees
['MANUFACTURING AND SUPPLY AGREEMENT'],Anti-Assignment
['MANUFACTURING AND SUPPLY AGREEMENT'],Price Restrictions
['MANUFACTURING AND SUPPLY AGREEMENT'],Minimum Commitment
['MANUFACTURING AND SUPPLY AGREEMENT'],Volume Restriction
['MANUFACTURING AND SUPPLY AGREEMENT'],Ip Ownership Assignment
['MANUFACTURING AND SUPPLY AGREEMENT'],License Grant
['MANUFACTURING AND SUPPLY AGREEMENT'],Affiliate License-Licensor
['MANUFACTURING AND SUPPLY AGREEMENT'],Post-Termination Services
['MANUFACTURING AND SUPPLY AGREEMENT'],Audit Rights
['MANUFACTURING AND SUPPLY AGREEMENT'],Uncapped Liability
['MANUFACTURING AND SUPPLY AGREEMENT'],Cap On Liability
['MANUFACTURING AND SUPPLY AGREEMENT'],Warranty Duration
['MANUFACTURING AND SUPPLY AGREEMENT'],Insurance
['WHOLESALE MARKETING AGREEMENT'],Termination For Convenience
['WHOLESALE MARKETING AGREEMENT'],Anti-Assignment
['WHOLESALE MARKETING AGREEMENT'],Cap On Liability
['LOCAL PROGRAMMING AND MARKETING AGREEMENT (WQHT HD2)'],Anti-Assignment
['LOCAL PROGRAMMING AND MARKETING AGREEMENT (WQHT HD2)'],License Grant
['MARKETING AND RESELLER AGREEMENT'],Competitive Restriction Exception
['MARKETING AND RESELLER AGREEMENT'],Exclusivity
['MARKETING AND RESELLER AGREEMENT'],Rofr/Rofo/Rofn
['MARKETING AND RESELLER AGREEMENT'],Anti-Assignment
['MARKETING AND RESELLER AGREEMENT'],Minimum Commitment
['MARKETING AND RESELLER AGREEMENT'],Volume Restriction
['MARKETING AND RESELLER AGREEMENT'],License Grant
['MARKETING AND RESELLER AGREEMENT'],Non-Transferable License
['MARKETING AND RESELLER AGREEMENT'],Affiliate License-Licensee
['MARKETING AND RESELLER AGREEMENT'],Post-Termination Services
['MARKETING AND RESELLER AGREEMENT'],Audit Rights
['MARKETING AND RESELLER AGREEMENT'],Uncapped Liability
['MARKETING AND RESELLER AGREEMENT'],Cap On Liability
['MARKETING AND RESELLER AGREEMENT'],Warranty Duration
['MARKETING AND RESELLER AGREEMENT'],Insurance
['JOINT SUPPLY AND MARKETING AGREEMENT'],Exclusivity
['JOINT SUPPLY AND MARKETING AGREEMENT'],Change Of Control
['JOINT SUPPLY AND MARKETING AGREEMENT'],Anti-Assignment
['JOINT SUPPLY AND MARKETING AGREEMENT'],Revenue/Profit Sharing
['JOINT SUPPLY AND MARKETING AGREEMENT'],Post-Termination Services
['JOINT SUPPLY AND MARKETING AGREEMENT'],Audit Rights
['PRODUCT SALE AND MARKETING AGREEMENT'],Non-Compete
['PRODUCT SALE AND MARKETING AGREEMENT'],Exclusivity
['PRODUCT SALE AND MARKETING AGREEMENT'],Rofr/Rofo/Rofn
['PRODUCT SALE AND MARKETING AGREEMENT'],Change Of Control
['PRODUCT SALE AND MARKETING AGREEMENT'],Anti-Assignment
['PRODUCT SALE AND MARKETING AGREEMENT'],Revenue/Profit Sharing
['PRODUCT SALE AND MARKETING AGREEMENT'],Volume Restriction
['PRODUCT SALE AND MARKETING AGREEMENT'],Ip Ownership Assignment
['PRODUCT SALE AND MARKETING AGREEMENT'],License Grant
['PRODUCT SALE AND MARKETING AGREEMENT'],Non-Transferable License
['PRODUCT SALE AND MARKETING AGREEMENT'],Post-Termination Services
['PRODUCT SALE AND MARKETING AGREEMENT'],Audit Rights
['PRODUCT SALE AND MARKETING AGREEMENT'],Cap On Liability
['PRODUCT SALE AND MARKETING AGREEMENT'],Insurance
['PRODUCT SALE AND MARKETING AGREEMENT'],Covenant Not To Sue
['OUTSOURCING AGREEMENT'],Termination For Convenience
['OUTSOURCING AGREEMENT'],Cap On Liability
['Outsourcing Agreement'],Termination For Convenience
['Outsourcing Agreement'],Change Of Control
['Outsourcing Agreement'],Anti-Assignment
['Outsourcing Agreement'],Price Restrictions
['Outsourcing Agreement'],Minimum Commitment
['Outsourcing Agreement'],Ip Ownership Assignment
['Outsourcing Agreement'],License Grant
['Outsourcing Agreement'],Non-Transferable License
['Outsourcing Agreement'],Post-Termination Services
['Outsourcing Agreement'],Audit Rights
['Outsourcing Agreement'],Uncapped Liability
['Outsourcing Agreement'],Cap On Liability
['Outsourcing Agreement'],Warranty Duration
['Outsourcing Agreement'],Insurance
['OUTSOURCING AGREEMENT'],Uncapped Liability
['OUTSOURCING AGREEMENT'],Cap On Liability
['OUTSOURCING AGREEMENT'],Warranty Duration
['COLOGUARD® PROMOTION AGREEMENT'],Exclusivity
['COLOGUARD® PROMOTION AGREEMENT'],Termination For Convenience
['COLOGUARD® PROMOTION AGREEMENT'],Rofr/Rofo/Rofn
['COLOGUARD® PROMOTION AGREEMENT'],Change Of Control
['COLOGUARD® PROMOTION AGREEMENT'],Anti-Assignment
['COLOGUARD® PROMOTION AGREEMENT'],Revenue/Profit Sharing
['COLOGUARD® PROMOTION AGREEMENT'],Minimum Commitment
['COLOGUARD® PROMOTION AGREEMENT'],License Grant
['COLOGUARD® PROMOTION AGREEMENT'],Non-Transferable License
['COLOGUARD® PROMOTION AGREEMENT'],Affiliate License-Licensor
['COLOGUARD® PROMOTION AGREEMENT'],Affiliate License-Licensee
['COLOGUARD® PROMOTION AGREEMENT'],Post-Termination Services
['COLOGUARD® PROMOTION AGREEMENT'],Audit Rights
['COLOGUARD® PROMOTION AGREEMENT'],Uncapped Liability
['COLOGUARD® PROMOTION AGREEMENT'],Cap On Liability
['COLOGUARD® PROMOTION AGREEMENT'],Insurance
['CO-PROMOTION AGREEMENT'],Competitive Restriction Exception
['CO-PROMOTION AGREEMENT'],Non-Compete
['CO-PROMOTION AGREEMENT'],Exclusivity
['CO-PROMOTION AGREEMENT'],No-Solicit Of Employees
['CO-PROMOTION AGREEMENT'],Termination For Convenience
['CO-PROMOTION AGREEMENT'],Change Of Control
['CO-PROMOTION AGREEMENT'],Anti-Assignment
['CO-PROMOTION AGREEMENT'],Revenue/Profit Sharing
['CO-PROMOTION AGREEMENT'],Minimum Commitment
['CO-PROMOTION AGREEMENT'],Ip Ownership Assignment
['CO-PROMOTION AGREEMENT'],License Grant
['CO-PROMOTION AGREEMENT'],Non-Transferable License
['CO-PROMOTION AGREEMENT'],Affiliate License-Licensee
['CO-PROMOTION AGREEMENT'],Audit Rights
['CO-PROMOTION AGREEMENT'],Uncapped Liability
['CO-PROMOTION AGREEMENT'],Cap On Liability
['CO-PROMOTION AGREEMENT'],Liquidated Damages
['CO-PROMOTION AGREEMENT'],Insurance
['CO-PROMOTION AGREEMENT'],Covenant Not To Sue
['PROMOTION AGREEMENT'],Revenue/Profit Sharing
['PROMOTION AGREEMENT'],Competitive Restriction Exception
['PROMOTION AGREEMENT'],Non-Compete
['PROMOTION AGREEMENT'],Exclusivity
['PROMOTION AGREEMENT'],Termination For Convenience
['PROMOTION AGREEMENT'],Rofr/Rofo/Rofn
['PROMOTION AGREEMENT'],Anti-Assignment
['PROMOTION AGREEMENT'],Revenue/Profit Sharing
['PROMOTION AGREEMENT'],License Grant
['PROMOTION AGREEMENT'],Non-Transferable License
['PROMOTION AGREEMENT'],Affiliate License-Licensee
['PROMOTION AGREEMENT'],Post-Termination Services
['PROMOTION AGREEMENT'],Audit Rights
['PROMOTION AGREEMENT'],Uncapped Liability
['PROMOTION AGREEMENT'],Cap On Liability
['PROMOTION AGREEMENT'],Insurance
['RESELLER AGREEMENT'],Exclusivity
['RESELLER AGREEMENT'],Termination For Convenience
['RESELLER AGREEMENT'],Revenue/Profit Sharing
['RESELLER AGREEMENT'],License Grant
['RESELLER AGREEMENT'],Post-Termination Services
['RESELLER AGREEMENT'],Cap On Liability
['WALABOT-HOME RESELLER AGREEMENT'],Termination For Convenience
['WALABOT-HOME RESELLER AGREEMENT'],Anti-Assignment
['WALABOT-HOME RESELLER AGREEMENT'],Minimum Commitment
['WALABOT-HOME RESELLER AGREEMENT'],License Grant
['WALABOT-HOME RESELLER AGREEMENT'],Non-Transferable License
['WALABOT-HOME RESELLER AGREEMENT'],Post-Termination Services
['WALABOT-HOME RESELLER AGREEMENT'],Cap On Liability
['LICENSE AND RESELLER AGREEMENT'],Competitive Restriction Exception
['LICENSE AND RESELLER AGREEMENT'],Non-Compete
['LICENSE AND RESELLER AGREEMENT'],Exclusivity
['LICENSE AND RESELLER AGREEMENT'],Termination For Convenience
['LICENSE AND RESELLER AGREEMENT'],Change Of Control
['LICENSE AND RESELLER AGREEMENT'],Anti-Assignment
['LICENSE AND RESELLER AGREEMENT'],Minimum Commitment
['LICENSE AND RESELLER AGREEMENT'],License Grant
['LICENSE AND RESELLER AGREEMENT'],Non-Transferable License
['LICENSE AND RESELLER AGREEMENT'],Irrevocable Or Perpetual License
['LICENSE AND RESELLER AGREEMENT'],Source Code Escrow
['LICENSE AND RESELLER AGREEMENT'],Post-Termination Services
['LICENSE AND RESELLER AGREEMENT'],Audit Rights
['LICENSE AND RESELLER AGREEMENT'],Uncapped Liability
['LICENSE AND RESELLER AGREEMENT'],Cap On Liability
['LICENSE AND RESELLER AGREEMENT'],Liquidated Damages
['LICENSE AND RESELLER AGREEMENT'],Insurance
['LICENSE AND RESELLER AGREEMENT'],Third Party Beneficiary
['CHANNEL PARTNER RESELLER AGREEMENT'],Exclusivity
['CHANNEL PARTNER RESELLER AGREEMENT'],Anti-Assignment
['CHANNEL PARTNER RESELLER AGREEMENT'],Minimum Commitment
['CHANNEL PARTNER RESELLER AGREEMENT'],Volume Restriction
['CHANNEL PARTNER RESELLER AGREEMENT'],License Grant
['CHANNEL PARTNER RESELLER AGREEMENT'],Non-Transferable License
['CHANNEL PARTNER RESELLER AGREEMENT'],Unlimited/All-You-Can-Eat-License
['CHANNEL PARTNER RESELLER AGREEMENT'],Uncapped Liability
['CHANNEL PARTNER RESELLER AGREEMENT'],Cap On Liability
['CHANNEL PARTNER RESELLER AGREEMENT'],Third Party Beneficiary
['SPONSORSHIP AND SERVICES AGREEMENT'],Competitive Restriction Exception
['SPONSORSHIP AND SERVICES AGREEMENT'],Exclusivity
['SPONSORSHIP AND SERVICES AGREEMENT'],Non-Disparagement
['SPONSORSHIP AND SERVICES AGREEMENT'],Anti-Assignment
['SPONSORSHIP AND SERVICES AGREEMENT'],Minimum Commitment
['SPONSORSHIP AND SERVICES AGREEMENT'],License Grant
['SPONSORSHIP AND SERVICES AGREEMENT'],Non-Transferable License
['SPONSORSHIP AND SERVICES AGREEMENT'],Affiliate License-Licensee
['SPONSORSHIP AND SERVICES AGREEMENT'],Audit Rights
['SPONSORSHIP AND SERVICES AGREEMENT'],Insurance
['SPONSORSHIP AND SERVICES AGREEMENT'],Covenant Not To Sue
['DISTRIBUTION AND SERVICES AGREEMENT'],Anti-Assignment
['DISTRIBUTION AND SERVICES AGREEMENT'],Revenue/Profit Sharing
['DISTRIBUTION AND SERVICES AGREEMENT'],Audit Rights
['TRANSITION SERVICES AGREEMENT'],Termination For Convenience
['TRANSITION SERVICES AGREEMENT'],Anti-Assignment
['TRANSITION SERVICES AGREEMENT'],License Grant
['TRANSITION SERVICES AGREEMENT'],Affiliate License-Licensor
['TRANSITION SERVICES AGREEMENT'],Affiliate License-Licensee
['TRANSITION SERVICES AGREEMENT'],Audit Rights
['TRANSITION SERVICES AGREEMENT'],Cap On Liability
['TRANSITION SERVICES AGREEMENT'],Insurance
"['TRANSFER AND SERVICING AGREEMENT, d']",Change Of Control
"['TRANSFER AND SERVICING AGREEMENT, d']",Anti-Assignment
"['TRANSFER AND SERVICING AGREEMENT, d']",Non-Transferable License
"['TRANSFER AND SERVICING AGREEMENT, d']",Post-Termination Services
"['TRANSFER AND SERVICING AGREEMENT, d']",Audit Rights
"['TRANSFER AND SERVICING AGREEMENT, d']",Cap On Liability
"['TRANSFER AND SERVICING AGREEMENT, d']",Third Party Beneficiary
['JACKSONVILLE JAGUARS SPONSORSHIP AGREEMENT'],License Grant
['EVENT SPONSORSHIP AGREEMENT'],Exclusivity
['EVENT SPONSORSHIP AGREEMENT'],Non-Disparagement
['EVENT SPONSORSHIP AGREEMENT'],Termination For Convenience
['EVENT SPONSORSHIP AGREEMENT'],Anti-Assignment
['EVENT SPONSORSHIP AGREEMENT'],License Grant
['EVENT SPONSORSHIP AGREEMENT'],Non-Transferable License
['EVENT SPONSORSHIP AGREEMENT'],Uncapped Liability
['EVENT SPONSORSHIP AGREEMENT'],Cap On Liability
['EVENT SPONSORSHIP AGREEMENT'],Covenant Not To Sue
['SPONSORSHIP AGREEMENT'],Anti-Assignment
['SPONSORSHIP AGREEMENT'],Insurance
['ODM SUPPLY AGREEMENT'],Competitive Restriction Exception
['ODM SUPPLY AGREEMENT'],Non-Compete
['ODM SUPPLY AGREEMENT'],Exclusivity
['ODM SUPPLY AGREEMENT'],Rofr/Rofo/Rofn
['ODM SUPPLY AGREEMENT'],Change Of Control
['ODM SUPPLY AGREEMENT'],Anti-Assignment
['ODM SUPPLY AGREEMENT'],Minimum Commitment
['ODM SUPPLY AGREEMENT'],Ip Ownership Assignment
['ODM SUPPLY AGREEMENT'],Irrevocable Or Perpetual License
['ODM SUPPLY AGREEMENT'],Warranty Duration
['ODM SUPPLY AGREEMENT'],Insurance
['Corporate Sponsorship Agreement'],Change Of Control
['Corporate Sponsorship Agreement'],Anti-Assignment
['Corporate Sponsorship Agreement'],Volume Restriction
['Corporate Sponsorship Agreement'],License Grant
['Corporate Sponsorship Agreement'],Non-Transferable License
['Corporate Sponsorship Agreement'],Insurance
['Corporate Sponsorship Agreement'],Covenant Not To Sue
['SUPPLY CONTRACT'],Warranty Duration
['SUPPLY CONTRACT'],Insurance
['MASTER SUPPLY AGREEMENT'],Change Of Control
['MASTER SUPPLY AGREEMENT'],Anti-Assignment
['MASTER SUPPLY AGREEMENT'],Uncapped Liability
['MASTER SUPPLY AGREEMENT'],Cap On Liability
['MASTER SUPPLY AGREEMENT'],Insurance
['GLOBAL MASTER SUPPLY AGREEMENT'],Change Of Control
['GLOBAL MASTER SUPPLY AGREEMENT'],Anti-Assignment
['GLOBAL MASTER SUPPLY AGREEMENT'],Minimum Commitment
['GLOBAL MASTER SUPPLY AGREEMENT'],Volume Restriction
['GLOBAL MASTER SUPPLY AGREEMENT'],Audit Rights
['GLOBAL MASTER SUPPLY AGREEMENT'],Cap On Liability
['FORM OF TRADEMARK LICENSE AGREEMENT'],Termination For Convenience
['FORM OF TRADEMARK LICENSE AGREEMENT'],Change Of Control
['FORM OF TRADEMARK LICENSE AGREEMENT'],Anti-Assignment
['FORM OF TRADEMARK LICENSE AGREEMENT'],License Grant
['FORM OF TRADEMARK LICENSE AGREEMENT'],Non-Transferable License
['FORM OF TRADEMARK LICENSE AGREEMENT'],Cap On Liability
['FORM OF TRADEMARK LICENSE AGREEMENT'],Covenant Not To Sue
['FORM OF TRADEMARK LICENSE AGREEMENT'],Change Of Control
['FORM OF TRADEMARK LICENSE AGREEMENT'],Anti-Assignment
['FORM OF TRADEMARK LICENSE AGREEMENT'],License Grant
['FORM OF TRADEMARK LICENSE AGREEMENT'],Affiliate License-Licensor
['FORM OF TRADEMARK LICENSE AGREEMENT'],Affiliate License-Licensee
['FORM OF TRADEMARK LICENSE AGREEMENT'],Audit Rights
['FORM OF TRADEMARK LICENSE AGREEMENT'],Covenant Not To Sue
['TRADEMARK LICENSE AGREEMENT'],Termination For Convenience
['TRADEMARK LICENSE AGREEMENT'],Change Of Control
['TRADEMARK LICENSE AGREEMENT'],Anti-Assignment
['TRADEMARK LICENSE AGREEMENT'],Ip Ownership Assignment
['TRADEMARK LICENSE AGREEMENT'],License Grant
['TRADEMARK LICENSE AGREEMENT'],Non-Transferable License
['TRADEMARK LICENSE AGREEMENT'],Affiliate License-Licensee
['TRADEMARK LICENSE AGREEMENT'],Uncapped Liability
['TRADEMARK LICENSE AGREEMENT'],Cap On Liability
['TRADEMARK LICENSE AGREEMENT'],Covenant Not To Sue
['TRADEMARK LICENSE AGREEMENT'],Termination For Convenience
['TRADEMARK LICENSE AGREEMENT'],Anti-Assignment
['TRADEMARK LICENSE AGREEMENT'],Ip Ownership Assignment
['TRADEMARK LICENSE AGREEMENT'],License Grant
['TRADEMARK LICENSE AGREEMENT'],Non-Transferable License
['TRADEMARK LICENSE AGREEMENT'],Post-Termination Services
['TRADEMARK LICENSE AGREEMENT'],Covenant Not To Sue
['TRADEMARK LICENSE AGREEMENT'],Third Party Beneficiary
['TRADEMARK LICENSE AGREEMENT'],Termination For Convenience
['TRADEMARK LICENSE AGREEMENT'],Anti-Assignment
['TRADEMARK LICENSE AGREEMENT'],License Grant
['TRADEMARK LICENSE AGREEMENT'],Non-Transferable License
['TRADEMARK LICENSE AGREEMENT'],Post-Termination Services
['TRADEMARK LICENSE AGREEMENT'],Third Party Beneficiary
['GAS TRANSPORTATION AGREEMENT'],Exclusivity
['GAS TRANSPORTATION AGREEMENT'],Anti-Assignment
['GAS TRANSPORTATION AGREEMENT'],Volume Restriction
['GAS TRANSPORTATION AGREEMENT'],Audit Rights
['GAS TRANSPORTATION AGREEMENT'],Uncapped Liability
['GAS TRANSPORTATION AGREEMENT'],Cap On Liability
['GAS TRANSPORTATION AGREEMENT'],Covenant Not To Sue
['TRANSPORTATION SERVICE AGREEMENT Contract Identification FT18150'],Volume Restriction
['TRANSPORTATION SERVICES AGREEMENT'],Anti-Assignment
['TRANSPORTATION SERVICES AGREEMENT'],Minimum Commitment
['TRANSPORTATION SERVICES AGREEMENT'],Volume Restriction
['TRANSPORTATION SERVICES AGREEMENT'],Audit Rights
['TRANSPORTATION SERVICES AGREEMENT'],Uncapped Liability
['TRANSPORTATION SERVICES AGREEMENT'],Cap On Liability
['Road Transportation Agreement'],Liquidated Damages
['Road Transportation Agreement'],Insurance
"['CO-BRANDING, MARKETING AND DISTRIBUTION AGREEMENT']",Non-Compete
"['CO-BRANDING, MARKETING AND DISTRIBUTION AGREEMENT']",Exclusivity
"['CO-BRANDING, MARKETING AND DISTRIBUTION AGREEMENT']",Non-Disparagement
"['CO-BRANDING, MARKETING AND DISTRIBUTION AGREEMENT']",Anti-Assignment
"['CO-BRANDING, MARKETING AND DISTRIBUTION AGREEMENT']",Revenue/Profit Sharing
"['CO-BRANDING, MARKETING AND DISTRIBUTION AGREEMENT']",Minimum Commitment
"['CO-BRANDING, MARKETING AND DISTRIBUTION AGREEMENT']",Ip Ownership Assignment
"['CO-BRANDING, MARKETING AND DISTRIBUTION AGREEMENT']",Joint Ip Ownership
"['CO-BRANDING, MARKETING AND DISTRIBUTION AGREEMENT']",License Grant
"['CO-BRANDING, MARKETING AND DISTRIBUTION AGREEMENT']",Non-Transferable License
"['CO-BRANDING, MARKETING AND DISTRIBUTION AGREEMENT']",Post-Termination Services
"['CO-BRANDING, MARKETING AND DISTRIBUTION AGREEMENT']",Audit Rights
"['CO-BRANDING, MARKETING AND DISTRIBUTION AGREEMENT']",Uncapped Liability
"['CO-BRANDING, MARKETING AND DISTRIBUTION AGREEMENT']",Cap On Liability
"['CO-BRANDING, MARKETING AND DISTRIBUTION AGREEMENT']",Liquidated Damages
"['CO-BRANDING, MARKETING AND DISTRIBUTION AGREEMENT']",Insurance
['CO-BRANDING AND ADVERTISING AGREEMENT'],Non-Compete
['CO-BRANDING AND ADVERTISING AGREEMENT'],Change Of Control
['CO-BRANDING AND ADVERTISING AGREEMENT'],Anti-Assignment
['CO-BRANDING AND ADVERTISING AGREEMENT'],Revenue/Profit Sharing
['CO-BRANDING AND ADVERTISING AGREEMENT'],Joint Ip Ownership
['CO-BRANDING AND ADVERTISING AGREEMENT'],License Grant
['CO-BRANDING AND ADVERTISING AGREEMENT'],Non-Transferable License
['CO-BRANDING AND ADVERTISING AGREEMENT'],Post-Termination Services
['CO-BRANDING AND ADVERTISING AGREEMENT'],Audit Rights
['CO-BRANDING AND ADVERTISING AGREEMENT'],Uncapped Liability
['CO-BRANDING AND ADVERTISING AGREEMENT'],Cap On Liability
['CO-BRANDING AGREEMENT'],Competitive Restriction Exception
['CO-BRANDING AGREEMENT'],Exclusivity
['CO-BRANDING AGREEMENT'],Rofr/Rofo/Rofn
['CO-BRANDING AGREEMENT'],Anti-Assignment
['CO-BRANDING AGREEMENT'],License Grant
['CO-BRANDING AGREEMENT'],Non-Transferable License
['CO-BRANDING AGREEMENT'],Cap On Liability
['CO-BRANDING CONTENT AGREEMENT'],Competitive Restriction Exception
['CO-BRANDING CONTENT AGREEMENT'],Non-Compete
['CO-BRANDING CONTENT AGREEMENT'],Exclusivity
['CO-BRANDING CONTENT AGREEMENT'],Change Of Control
['CO-BRANDING CONTENT AGREEMENT'],Anti-Assignment
['CO-BRANDING CONTENT AGREEMENT'],Revenue/Profit Sharing
['CO-BRANDING CONTENT AGREEMENT'],Minimum Commitment
['CO-BRANDING CONTENT AGREEMENT'],License Grant
['CO-BRANDING CONTENT AGREEMENT'],Non-Transferable License
['CO-BRANDING CONTENT AGREEMENT'],Audit Rights
['CO-BRANDING CONTENT AGREEMENT'],Uncapped Liability
['CO-BRANDING CONTENT AGREEMENT'],Cap On Liability
['CO-BRANDING CONTENT AGREEMENT'],Covenant Not To Sue
['CO-BRANDING AGREEMENT'],Non-Compete
['CO-BRANDING AGREEMENT'],Anti-Assignment
['CO-BRANDING AGREEMENT'],Revenue/Profit Sharing
['CO-BRANDING AGREEMENT'],Minimum Commitment
['CO-BRANDING AGREEMENT'],Joint Ip Ownership
['CO-BRANDING AGREEMENT'],License Grant
['CO-BRANDING AGREEMENT'],Non-Transferable License
['CO-BRANDING AGREEMENT'],Post-Termination Services
['CO-BRANDING AGREEMENT'],Audit Rights
['CO-BRANDING AGREEMENT'],Uncapped Liability
['CO-BRANDING AGREEMENT'],Cap On Liability
['CO-BRANDING AGREEMENT'],Covenant Not To Sue
['CO-BRANDING AGREEMENT'],Exclusivity
['CO-BRANDING AGREEMENT'],Termination For Convenience
['CO-BRANDING AGREEMENT'],Change Of Control
['CO-BRANDING AGREEMENT'],Anti-Assignment
['CO-BRANDING AGREEMENT'],Volume Restriction
['CO-BRANDING AGREEMENT'],Ip Ownership Assignment
['CO-BRANDING AGREEMENT'],Joint Ip Ownership
['CO-BRANDING AGREEMENT'],License Grant
['CO-BRANDING AGREEMENT'],Non-Transferable License
['CO-BRANDING AGREEMENT'],Audit Rights
['CO-BRANDING AGREEMENT'],Cap On Liability
['CO-BRANDING AGREEMENT'],Covenant Not To Sue
['CO-BRANDING AGREEMENT'],Competitive Restriction Exception
['CO-BRANDING AGREEMENT'],Non-Compete
['CO-BRANDING AGREEMENT'],No-Solicit Of Customers
['CO-BRANDING AGREEMENT'],Change Of Control
['CO-BRANDING AGREEMENT'],Anti-Assignment
['CO-BRANDING AGREEMENT'],Revenue/Profit Sharing
['CO-BRANDING AGREEMENT'],Minimum Commitment
['CO-BRANDING AGREEMENT'],Volume Restriction
['CO-BRANDING AGREEMENT'],Ip Ownership Assignment
['CO-BRANDING AGREEMENT'],Joint Ip Ownership
['CO-BRANDING AGREEMENT'],License Grant
['CO-BRANDING AGREEMENT'],Non-Transferable License
['CO-BRANDING AGREEMENT'],Affiliate License-Licensee
['CO-BRANDING AGREEMENT'],Post-Termination Services
['CO-BRANDING AGREEMENT'],Audit Rights
['CO-BRANDING AGREEMENT'],Uncapped Liability
['CO-BRANDING AGREEMENT'],Cap On Liability
['CO-BRANDING AGREEMENT'],Termination For Convenience
['CO-BRANDING AGREEMENT'],Change Of Control
['CO-BRANDING AGREEMENT'],Anti-Assignment
['CO-BRANDING AGREEMENT'],Cap On Liability
['CO-BRANDING AGREEMENT'],Non-Compete
['CO-BRANDING AGREEMENT'],Anti-Assignment
['CO-BRANDING AGREEMENT'],Revenue/Profit Sharing
['CO-BRANDING AGREEMENT'],Minimum Commitment
['CO-BRANDING AGREEMENT'],Volume Restriction
['CO-BRANDING AGREEMENT'],Joint Ip Ownership
['CO-BRANDING AGREEMENT'],License Grant
['CO-BRANDING AGREEMENT'],Non-Transferable License
['CO-BRANDING AGREEMENT'],Audit Rights
['CO-BRANDING AGREEMENT'],Uncapped Liability
['CO-BRANDING AGREEMENT'],Cap On Liability
['CO-BRANDING AGREEMENT'],Covenant Not To Sue
['CO-BRANDING AGREEMENT'],Competitive Restriction Exception
['CO-BRANDING AGREEMENT'],Non-Compete
['CO-BRANDING AGREEMENT'],Exclusivity
['CO-BRANDING AGREEMENT'],Anti-Assignment
['CO-BRANDING AGREEMENT'],Revenue/Profit Sharing
['CO-BRANDING AGREEMENT'],Volume Restriction
['CO-BRANDING AGREEMENT'],Ip Ownership Assignment
['CO-BRANDING AGREEMENT'],License Grant
['CO-BRANDING AGREEMENT'],Non-Transferable License
['CO-BRANDING AGREEMENT'],Post-Termination Services
['CO-BRANDING AGREEMENT'],Audit Rights
['CO-BRANDING AGREEMENT'],Uncapped Liability
['CO-BRANDING AGREEMENT'],Cap On Liability
['CO-BRANDING AGREEMENT'],Covenant Not To Sue
['CO-BRANDING AGREEMENT'],Competitive Restriction Exception
['CO-BRANDING AGREEMENT'],Non-Compete
['CO-BRANDING AGREEMENT'],Exclusivity
['CO-BRANDING AGREEMENT'],Anti-Assignment
['CO-BRANDING AGREEMENT'],Revenue/Profit Sharing
['CO-BRANDING AGREEMENT'],Minimum Commitment
['CO-BRANDING AGREEMENT'],Volume Restriction
['CO-BRANDING AGREEMENT'],Ip Ownership Assignment
['CO-BRANDING AGREEMENT'],License Grant
['CO-BRANDING AGREEMENT'],Non-Transferable License
['CO-BRANDING AGREEMENT'],Post-Termination Services
['CO-BRANDING AGREEMENT'],Audit Rights
['CO-BRANDING AGREEMENT'],Uncapped Liability
['CO-BRANDING AGREEMENT'],Cap On Liability
['CO-BRANDING AGREEMENT'],Liquidated Damages
['CO-BRANDING AGREEMENT'],Covenant Not To Sue
['CO-BRANDING AGREEMENT                                      (FORM)'],Non-Compete
['CO-BRANDING AGREEMENT                                      (FORM)'],Termination For Convenience
['CO-BRANDING AGREEMENT                                      (FORM)'],Change Of Control
['CO-BRANDING AGREEMENT                                      (FORM)'],Anti-Assignment
['CO-BRANDING AGREEMENT                                      (FORM)'],Revenue/Profit Sharing
['CO-BRANDING AGREEMENT                                      (FORM)'],License Grant
['CO-BRANDING AGREEMENT                                      (FORM)'],Non-Transferable License
['CO-BRANDING AGREEMENT                                      (FORM)'],Audit Rights
['CO-BRANDING AGREEMENT                                      (FORM)'],Uncapped Liability
['CO-BRANDING AGREEMENT                                      (FORM)'],Cap On Liability
['CO-BRANDING AGREEMENT'],Competitive Restriction Exception
['CO-BRANDING AGREEMENT'],Non-Compete
['CO-BRANDING AGREEMENT'],No-Solicit Of Customers
['CO-BRANDING AGREEMENT'],Change Of Control
['CO-BRANDING AGREEMENT'],Anti-Assignment
['CO-BRANDING AGREEMENT'],Revenue/Profit Sharing
['CO-BRANDING AGREEMENT'],Joint Ip Ownership
['CO-BRANDING AGREEMENT'],License Grant
['CO-BRANDING AGREEMENT'],Non-Transferable License
['CO-BRANDING AGREEMENT'],Audit Rights
['CO-BRANDING AGREEMENT'],Uncapped Liability
['CO-BRANDING AGREEMENT'],Cap On Liability
['CO-BRANDING Agreement'],Most Favored Nation
['CO-BRANDING Agreement'],Change Of Control
['CO-BRANDING Agreement'],Anti-Assignment
['CO-BRANDING Agreement'],Revenue/Profit Sharing
['CO-BRANDING Agreement'],Minimum Commitment
['CO-BRANDING Agreement'],Volume Restriction
['CO-BRANDING Agreement'],Joint Ip Ownership
['CO-BRANDING Agreement'],License Grant
['CO-BRANDING Agreement'],Unlimited/All-You-Can-Eat-License
['CO-BRANDING Agreement'],Audit Rights
['CO-BRANDING Agreement'],Uncapped Liability
['CO-BRANDING Agreement'],Cap On Liability
['MANIFEST SYSTEM SERVICES AND CO-BRANDING AGREEMENT'],Competitive Restriction Exception
['MANIFEST SYSTEM SERVICES AND CO-BRANDING AGREEMENT'],Exclusivity
['MANIFEST SYSTEM SERVICES AND CO-BRANDING AGREEMENT'],Change Of Control
['MANIFEST SYSTEM SERVICES AND CO-BRANDING AGREEMENT'],Anti-Assignment
['MANIFEST SYSTEM SERVICES AND CO-BRANDING AGREEMENT'],Revenue/Profit Sharing
['MANIFEST SYSTEM SERVICES AND CO-BRANDING AGREEMENT'],Volume Restriction
['MANIFEST SYSTEM SERVICES AND CO-BRANDING AGREEMENT'],Ip Ownership Assignment
['MANIFEST SYSTEM SERVICES AND CO-BRANDING AGREEMENT'],License Grant
['MANIFEST SYSTEM SERVICES AND CO-BRANDING AGREEMENT'],Post-Termination Services
['MANIFEST SYSTEM SERVICES AND CO-BRANDING AGREEMENT'],Audit Rights
['MANIFEST SYSTEM SERVICES AND CO-BRANDING AGREEMENT'],Cap On Liability
['CHASE AFFILIATE AGREEMENT'],Termination For Convenience
['CHASE AFFILIATE AGREEMENT'],License Grant
['CHASE AFFILIATE AGREEMENT'],Non-Transferable License
['CHASE AFFILIATE AGREEMENT'],Cap On Liability
['NETWORK AFFILIATE AGREEMENT'],Competitive Restriction Exception
['NETWORK AFFILIATE AGREEMENT'],Non-Compete
['NETWORK AFFILIATE AGREEMENT'],Exclusivity
['NETWORK AFFILIATE AGREEMENT'],No-Solicit Of Customers
['NETWORK AFFILIATE AGREEMENT'],No-Solicit Of Employees
['NETWORK AFFILIATE AGREEMENT'],Non-Disparagement
['NETWORK AFFILIATE AGREEMENT'],Change Of Control
['NETWORK AFFILIATE AGREEMENT'],Anti-Assignment
['NETWORK AFFILIATE AGREEMENT'],Revenue/Profit Sharing
['NETWORK AFFILIATE AGREEMENT'],Minimum Commitment
['NETWORK AFFILIATE AGREEMENT'],Volume Restriction
['NETWORK AFFILIATE AGREEMENT'],Ip Ownership Assignment
['NETWORK AFFILIATE AGREEMENT'],Joint Ip Ownership
['NETWORK AFFILIATE AGREEMENT'],License Grant
['NETWORK AFFILIATE AGREEMENT'],Non-Transferable License
['NETWORK AFFILIATE AGREEMENT'],Post-Termination Services
['NETWORK AFFILIATE AGREEMENT'],Audit Rights
['NETWORK AFFILIATE AGREEMENT'],Uncapped Liability
['NETWORK AFFILIATE AGREEMENT'],Cap On Liability
['NETWORK AFFILIATE AGREEMENT'],Insurance
['NETWORK AFFILIATE AGREEMENT'],Covenant Not To Sue
['AFFILIATE AGREEMENT'],Exclusivity
['AFFILIATE AGREEMENT'],Termination For Convenience
['AFFILIATE AGREEMENT'],Rofr/Rofo/Rofn
['AFFILIATE AGREEMENT'],Anti-Assignment
['AFFILIATE AGREEMENT'],Revenue/Profit Sharing
['AFFILIATE AGREEMENT'],Joint Ip Ownership
['AFFILIATE AGREEMENT'],Audit Rights
['AFFILIATE AGREEMENT'],Cap On Liability
['Affiliate Program / Premium Affiliate Management General Terms and Conditions'],Termination For Convenience
['Affiliate Program / Premium Affiliate Management General Terms and Conditions'],Revenue/Profit Sharing
['Affiliate Program / Premium Affiliate Management General Terms and Conditions'],License Grant
['Affiliate Program / Premium Affiliate Management General Terms and Conditions'],Cap On Liability
['MARKETING AFFILIATE AGREEMENT'],Non-Compete
['MARKETING AFFILIATE AGREEMENT'],No-Solicit Of Customers
['MARKETING AFFILIATE AGREEMENT'],Audit Rights
['MARKETING AFFILIATE AGREEMENT'],Uncapped Liability
['MARKETING AFFILIATE AGREEMENT'],Cap On Liability
['BUSINESS AFFILIATE AGREEMENT'],Termination For Convenience
['BUSINESS AFFILIATE AGREEMENT'],Audit Rights
['CHARTER AFFILIATE AFFILIATION AGREEMENT'],Non-Compete
['CHARTER AFFILIATE AFFILIATION AGREEMENT'],Exclusivity
['CHARTER AFFILIATE AFFILIATION AGREEMENT'],Termination For Convenience
['CHARTER AFFILIATE AFFILIATION AGREEMENT'],Rofr/Rofo/Rofn
['CHARTER AFFILIATE AFFILIATION AGREEMENT'],Anti-Assignment
['CHARTER AFFILIATE AFFILIATION AGREEMENT'],Revenue/Profit Sharing
['CHARTER AFFILIATE AFFILIATION AGREEMENT'],Minimum Commitment
['CHARTER AFFILIATE AFFILIATION AGREEMENT'],Volume Restriction
['CHARTER AFFILIATE AFFILIATION AGREEMENT'],License Grant
['CHARTER AFFILIATE AFFILIATION AGREEMENT'],Non-Transferable License
['CHARTER AFFILIATE AFFILIATION AGREEMENT'],Affiliate License-Licensee
['CHARTER AFFILIATE AFFILIATION AGREEMENT'],Post-Termination Services
['CHARTER AFFILIATE AFFILIATION AGREEMENT'],Audit Rights
['CHARTER AFFILIATE AFFILIATION AGREEMENT'],Cap On Liability
['CHARTER AFFILIATE AFFILIATION AGREEMENT'],Insurance
['CHARTER AFFILIATE AFFILIATION AGREEMENT'],Covenant Not To Sue
['AFFILIATE OFFICE AGREEMENT'],Competitive Restriction Exception
['AFFILIATE OFFICE AGREEMENT'],Non-Compete
['AFFILIATE OFFICE AGREEMENT'],Exclusivity
['AFFILIATE OFFICE AGREEMENT'],No-Solicit Of Customers
['AFFILIATE OFFICE AGREEMENT'],Rofr/Rofo/Rofn
['AFFILIATE OFFICE AGREEMENT'],Anti-Assignment
['AFFILIATE OFFICE AGREEMENT'],Post-Termination Services
['AFFILIATE OFFICE AGREEMENT'],Audit Rights
['AFFILIATE OFFICE AGREEMENT'],Liquidated Damages
['CELEBRITY ENDORSEMENT AGREEMENT'],Exclusivity
['CELEBRITY ENDORSEMENT AGREEMENT'],Termination For Convenience
['CELEBRITY ENDORSEMENT AGREEMENT'],Anti-Assignment
['CELEBRITY ENDORSEMENT AGREEMENT'],Revenue/Profit Sharing
['CELEBRITY ENDORSEMENT AGREEMENT'],Volume Restriction
['CELEBRITY ENDORSEMENT AGREEMENT'],License Grant
['CELEBRITY ENDORSEMENT AGREEMENT'],Affiliate License-Licensee
['CELEBRITY ENDORSEMENT AGREEMENT'],Unlimited/All-You-Can-Eat-License
['CELEBRITY ENDORSEMENT AGREEMENT'],Audit Rights
['CELEBRITY ENDORSEMENT AGREEMENT'],Insurance
['ENDORSEMENT AGREEMENT'],Competitive Restriction Exception
['ENDORSEMENT AGREEMENT'],Non-Compete
['ENDORSEMENT AGREEMENT'],Exclusivity
['ENDORSEMENT AGREEMENT'],Non-Disparagement
['ENDORSEMENT AGREEMENT'],Change Of Control
['ENDORSEMENT AGREEMENT'],Anti-Assignment
['ENDORSEMENT AGREEMENT'],Volume Restriction
['ENDORSEMENT AGREEMENT'],License Grant
['ENDORSEMENT AGREEMENT'],Non-Transferable License
['ENDORSEMENT AGREEMENT'],Post-Termination Services
['ENDORSEMENT AGREEMENT'],Exclusivity
['ENDORSEMENT AGREEMENT'],Anti-Assignment
['ENDORSEMENT AGREEMENT'],Revenue/Profit Sharing
['ENDORSEMENT AGREEMENT'],Minimum Commitment
['ENDORSEMENT AGREEMENT'],License Grant
['ENDORSEMENT AGREEMENT'],Non-Transferable License
['ENDORSEMENT AGREEMENT'],Post-Termination Services
['ENDORSEMENT AGREEMENT'],Cap On Liability
['ENDORSEMENT AGREEMENT'],Insurance
['ENDORSEMENT AGREEMENT'],Covenant Not To Sue
['TALENT ENDORSEMENT AGREEMENT'],Non-Compete
['TALENT ENDORSEMENT AGREEMENT'],Anti-Assignment
['TALENT ENDORSEMENT AGREEMENT'],Revenue/Profit Sharing
['TALENT ENDORSEMENT AGREEMENT'],Volume Restriction
['TALENT ENDORSEMENT AGREEMENT'],License Grant
['TALENT ENDORSEMENT AGREEMENT'],Post-Termination Services
['TALENT ENDORSEMENT AGREEMENT'],Audit Rights
['ENDORSEMENT AGREEMENT'],Non-Compete
['ENDORSEMENT AGREEMENT'],Anti-Assignment
['ENDORSEMENT AGREEMENT'],Revenue/Profit Sharing
['ENDORSEMENT AGREEMENT'],License Grant
['ENDORSEMENT AGREEMENT'],Affiliate License-Licensee
['ENDORSEMENT AGREEMENT'],Unlimited/All-You-Can-Eat-License
['ENDORSEMENT AGREEMENT'],Irrevocable Or Perpetual License
['ENDORSEMENT AGREEMENT'],Covenant Not To Sue
['ENDORSEMENT AGREEMENT'],Exclusivity
['ENDORSEMENT AGREEMENT'],Non-Disparagement
['ENDORSEMENT AGREEMENT'],Anti-Assignment
['ENDORSEMENT AGREEMENT'],Revenue/Profit Sharing
['ENDORSEMENT AGREEMENT'],Minimum Commitment
['ENDORSEMENT AGREEMENT'],Volume Restriction
['ENDORSEMENT AGREEMENT'],License Grant
['ENDORSEMENT AGREEMENT'],Post-Termination Services
['ENDORSEMENT AGREEMENT'],Audit Rights
['ENDORSEMENT AGREEMENT'],Insurance
['ENDORSEMENT AGREEMENT'],Exclusivity
['ENDORSEMENT AGREEMENT'],Anti-Assignment
['ENDORSEMENT AGREEMENT'],Volume Restriction
['ENDORSEMENT AGREEMENT'],License Grant
['ENDORSEMENT AGREEMENT'],Non-Transferable License
['ENDORSEMENT AGREEMENT'],Insurance
['Split-Dollar Endorsement Agreement'],Termination For Convenience
['Split-Dollar Endorsement Agreement'],Third Party Beneficiary
['ENDORSEMENT'],Anti-Assignment
['BLOCKCHAIN ADMINISTRATION AND DEVELOPMENT AGREEMENT'],Anti-Assignment
['BLOCKCHAIN ADMINISTRATION AND DEVELOPMENT AGREEMENT'],Revenue/Profit Sharing
"['LICENSE, DEVELOPMENT AND COMMERCIALIZATION AGREEMENT']",Non-Compete
"['LICENSE, DEVELOPMENT AND COMMERCIALIZATION AGREEMENT']",Exclusivity
"['LICENSE, DEVELOPMENT AND COMMERCIALIZATION AGREEMENT']",Termination For Convenience
"['LICENSE, DEVELOPMENT AND COMMERCIALIZATION AGREEMENT']",Rofr/Rofo/Rofn
"['LICENSE, DEVELOPMENT AND COMMERCIALIZATION AGREEMENT']",Anti-Assignment
"['LICENSE, DEVELOPMENT AND COMMERCIALIZATION AGREEMENT']",Revenue/Profit Sharing
"['LICENSE, DEVELOPMENT AND COMMERCIALIZATION AGREEMENT']",Volume Restriction
"['LICENSE, DEVELOPMENT AND COMMERCIALIZATION AGREEMENT']",Ip Ownership Assignment
"['LICENSE, DEVELOPMENT AND COMMERCIALIZATION AGREEMENT']",Joint Ip Ownership
"['LICENSE, DEVELOPMENT AND COMMERCIALIZATION AGREEMENT']",License Grant
"['LICENSE, DEVELOPMENT AND COMMERCIALIZATION AGREEMENT']",Non-Transferable License
"['LICENSE, DEVELOPMENT AND COMMERCIALIZATION AGREEMENT']",Affiliate License-Licensor
"['LICENSE, DEVELOPMENT AND COMMERCIALIZATION AGREEMENT']",Affiliate License-Licensee
"['LICENSE, DEVELOPMENT AND COMMERCIALIZATION AGREEMENT']",Irrevocable Or Perpetual License
"['LICENSE, DEVELOPMENT AND COMMERCIALIZATION AGREEMENT']",Post-Termination Services
"['LICENSE, DEVELOPMENT AND COMMERCIALIZATION AGREEMENT']",Audit Rights
"['LICENSE, DEVELOPMENT AND COMMERCIALIZATION AGREEMENT']",Uncapped Liability
"['LICENSE, DEVELOPMENT AND COMMERCIALIZATION AGREEMENT']",Cap On Liability
"['LICENSE, DEVELOPMENT AND COMMERCIALIZATION AGREEMENT']",Insurance
['Development Agreement'],Revenue/Profit Sharing
['Development Agreement'],Audit Rights
['APPLICATION DEVELOPMENT AGREEMENT'],Non-Compete
['APPLICATION DEVELOPMENT AGREEMENT'],Exclusivity
['APPLICATION DEVELOPMENT AGREEMENT'],No-Solicit Of Employees
['APPLICATION DEVELOPMENT AGREEMENT'],Termination For Convenience
['APPLICATION DEVELOPMENT AGREEMENT'],Anti-Assignment
['APPLICATION DEVELOPMENT AGREEMENT'],Ip Ownership Assignment
['APPLICATION DEVELOPMENT AGREEMENT'],License Grant
['APPLICATION DEVELOPMENT AGREEMENT'],Irrevocable Or Perpetual License
['APPLICATION DEVELOPMENT AGREEMENT'],Warranty Duration
['APPLICATION DEVELOPMENT AGREEMENT'],Covenant Not To Sue
['LICENSE AND DEVELOPMENT AGREEMENT'],Non-Compete
['LICENSE AND DEVELOPMENT AGREEMENT'],Exclusivity
['LICENSE AND DEVELOPMENT AGREEMENT'],No-Solicit Of Employees
['LICENSE AND DEVELOPMENT AGREEMENT'],Termination For Convenience
['LICENSE AND DEVELOPMENT AGREEMENT'],Change Of Control
['LICENSE AND DEVELOPMENT AGREEMENT'],Anti-Assignment
['LICENSE AND DEVELOPMENT AGREEMENT'],Revenue/Profit Sharing
['LICENSE AND DEVELOPMENT AGREEMENT'],Minimum Commitment
['LICENSE AND DEVELOPMENT AGREEMENT'],Ip Ownership Assignment
['LICENSE AND DEVELOPMENT AGREEMENT'],Joint Ip Ownership
['LICENSE AND DEVELOPMENT AGREEMENT'],License Grant
['LICENSE AND DEVELOPMENT AGREEMENT'],Non-Transferable License
['LICENSE AND DEVELOPMENT AGREEMENT'],Affiliate License-Licensee
['LICENSE AND DEVELOPMENT AGREEMENT'],Irrevocable Or Perpetual License
['LICENSE AND DEVELOPMENT AGREEMENT'],Post-Termination Services
['LICENSE AND DEVELOPMENT AGREEMENT'],Audit Rights
['LICENSE AND DEVELOPMENT AGREEMENT'],Uncapped Liability
['LICENSE AND DEVELOPMENT AGREEMENT'],Cap On Liability
['LICENSE AND DEVELOPMENT AGREEMENT'],Covenant Not To Sue
['FRANCHISE DEVELOPMENT AGREEMENT (Non-exclusive/Exclusive)'],Competitive Restriction Exception
['FRANCHISE DEVELOPMENT AGREEMENT (Non-exclusive/Exclusive)'],Non-Compete
['FRANCHISE DEVELOPMENT AGREEMENT (Non-exclusive/Exclusive)'],Exclusivity
['FRANCHISE DEVELOPMENT AGREEMENT (Non-exclusive/Exclusive)'],Termination For Convenience
['FRANCHISE DEVELOPMENT AGREEMENT (Non-exclusive/Exclusive)'],Change Of Control
['FRANCHISE DEVELOPMENT AGREEMENT (Non-exclusive/Exclusive)'],Anti-Assignment
['FRANCHISE DEVELOPMENT AGREEMENT (Non-exclusive/Exclusive)'],License Grant
['FRANCHISE DEVELOPMENT AGREEMENT (Non-exclusive/Exclusive)'],Insurance
['FRANCHISE DEVELOPMENT AGREEMENT (Non-exclusive/Exclusive)'],Covenant Not To Sue
['Consulting and Product Development Agreement'],Competitive Restriction Exception
['Consulting and Product Development Agreement'],Non-Compete
['Consulting and Product Development Agreement'],Exclusivity
['Consulting and Product Development Agreement'],Termination For Convenience
['Consulting and Product Development Agreement'],Anti-Assignment
['Consulting and Product Development Agreement'],Revenue/Profit Sharing
['DEVELOPMENT AND OPTION AGREEMENT'],Non-Compete
['DEVELOPMENT AND OPTION AGREEMENT'],Exclusivity
['DEVELOPMENT AND OPTION AGREEMENT'],Termination For Convenience
['DEVELOPMENT AND OPTION AGREEMENT'],Rofr/Rofo/Rofn
['DEVELOPMENT AND OPTION AGREEMENT'],Change Of Control
['DEVELOPMENT AND OPTION AGREEMENT'],Anti-Assignment
['DEVELOPMENT AND OPTION AGREEMENT'],Revenue/Profit Sharing
['DEVELOPMENT AND OPTION AGREEMENT'],Joint Ip Ownership
['DEVELOPMENT AND OPTION AGREEMENT'],License Grant
['DEVELOPMENT AND OPTION AGREEMENT'],Non-Transferable License
['DEVELOPMENT AND OPTION AGREEMENT'],Affiliate License-Licensor
['DEVELOPMENT AND OPTION AGREEMENT'],Affiliate License-Licensee
['DEVELOPMENT AND OPTION AGREEMENT'],Irrevocable Or Perpetual License
['DEVELOPMENT AND OPTION AGREEMENT'],Post-Termination Services
['DEVELOPMENT AND OPTION AGREEMENT'],Audit Rights
['DEVELOPMENT AND OPTION AGREEMENT'],Uncapped Liability
['DEVELOPMENT AND OPTION AGREEMENT'],Cap On Liability
['DEVELOPMENT AND OPTION AGREEMENT'],Insurance
['DEVELOPMENT AND OPTION AGREEMENT'],Covenant Not To Sue
['MASTER JOINT DEVELOPMENT AGREEMENT'],Rofr/Rofo/Rofn
['MASTER JOINT DEVELOPMENT AGREEMENT'],Anti-Assignment
['MASTER JOINT DEVELOPMENT AGREEMENT'],Joint Ip Ownership
['MASTER JOINT DEVELOPMENT AGREEMENT'],License Grant
['MASTER JOINT DEVELOPMENT AGREEMENT'],Non-Transferable License
['MASTER JOINT DEVELOPMENT AGREEMENT'],Uncapped Liability
['MASTER JOINT DEVELOPMENT AGREEMENT'],Cap On Liability
['OUTSOURCE TECHNOLOGY DEVELOPMENT AGREEMENT'],Termination For Convenience
['OUTSOURCE TECHNOLOGY DEVELOPMENT AGREEMENT'],Change Of Control
['OUTSOURCE TECHNOLOGY DEVELOPMENT AGREEMENT'],Anti-Assignment
['OUTSOURCE TECHNOLOGY DEVELOPMENT AGREEMENT'],Ip Ownership Assignment
['OUTSOURCE TECHNOLOGY DEVELOPMENT AGREEMENT'],License Grant
['OUTSOURCE TECHNOLOGY DEVELOPMENT AGREEMENT'],Non-Transferable License
['OUTSOURCE TECHNOLOGY DEVELOPMENT AGREEMENT'],Covenant Not To Sue
['REAL ESTATE EDUCATION TRAINING PROGRAM DEVELOPMENT AGREEMENT'],Non-Compete
['REAL ESTATE EDUCATION TRAINING PROGRAM DEVELOPMENT AGREEMENT'],Exclusivity
['REAL ESTATE EDUCATION TRAINING PROGRAM DEVELOPMENT AGREEMENT'],No-Solicit Of Customers
['REAL ESTATE EDUCATION TRAINING PROGRAM DEVELOPMENT AGREEMENT'],Anti-Assignment
['REAL ESTATE EDUCATION TRAINING PROGRAM DEVELOPMENT AGREEMENT'],Revenue/Profit Sharing
['REAL ESTATE EDUCATION TRAINING PROGRAM DEVELOPMENT AGREEMENT'],Minimum Commitment
['REAL ESTATE EDUCATION TRAINING PROGRAM DEVELOPMENT AGREEMENT'],Volume Restriction
['REAL ESTATE EDUCATION TRAINING PROGRAM DEVELOPMENT AGREEMENT'],Ip Ownership Assignment
['REAL ESTATE EDUCATION TRAINING PROGRAM DEVELOPMENT AGREEMENT'],Joint Ip Ownership
['REAL ESTATE EDUCATION TRAINING PROGRAM DEVELOPMENT AGREEMENT'],License Grant
['REAL ESTATE EDUCATION TRAINING PROGRAM DEVELOPMENT AGREEMENT'],Post-Termination Services
['REAL ESTATE EDUCATION TRAINING PROGRAM DEVELOPMENT AGREEMENT'],Audit Rights
['REAL ESTATE EDUCATION TRAINING PROGRAM DEVELOPMENT AGREEMENT'],Uncapped Liability
['REAL ESTATE EDUCATION TRAINING PROGRAM DEVELOPMENT AGREEMENT'],Cap On Liability
['REAL ESTATE EDUCATION TRAINING PROGRAM DEVELOPMENT AGREEMENT'],Insurance
['REAL ESTATE EDUCATION TRAINING PROGRAM DEVELOPMENT AGREEMENT'],Covenant Not To Sue
['BUSINESS DEVELOPMENT AGREEMENT'],Most Favored Nation
['BUSINESS DEVELOPMENT AGREEMENT'],Termination For Convenience
['BUSINESS DEVELOPMENT AGREEMENT'],Rofr/Rofo/Rofn
['BUSINESS DEVELOPMENT AGREEMENT'],Anti-Assignment
['BUSINESS DEVELOPMENT AGREEMENT'],Revenue/Profit Sharing
['BUSINESS DEVELOPMENT AGREEMENT'],Ip Ownership Assignment
['BUSINESS DEVELOPMENT AGREEMENT'],Joint Ip Ownership
['BUSINESS DEVELOPMENT AGREEMENT'],License Grant
['BUSINESS DEVELOPMENT AGREEMENT'],Non-Transferable License
['BUSINESS DEVELOPMENT AGREEMENT'],Irrevocable Or Perpetual License
['BUSINESS DEVELOPMENT AGREEMENT'],Post-Termination Services
['BUSINESS DEVELOPMENT AGREEMENT'],Audit Rights
['BUSINESS DEVELOPMENT AGREEMENT'],Cap On Liability
['BUSINESS DEVELOPMENT AGREEMENT'],Warranty Duration
['BUSINESS DEVELOPMENT AGREEMENT'],Insurance
['License and Development Agreement'],Exclusivity
['License and Development Agreement'],Change Of Control
['License and Development Agreement'],Anti-Assignment
['License and Development Agreement'],Revenue/Profit Sharing
['License and Development Agreement'],License Grant
['License and Development Agreement'],Non-Transferable License
['License and Development Agreement'],Affiliate License-Licensee
['License and Development Agreement'],Irrevocable Or Perpetual License
['License and Development Agreement'],Post-Termination Services
['License and Development Agreement'],Audit Rights
['License and Development Agreement'],Cap On Liability
['CO-DEVELOPMENT AGREEMENT'],Competitive Restriction Exception
['CO-DEVELOPMENT AGREEMENT'],Non-Compete
['CO-DEVELOPMENT AGREEMENT'],Exclusivity
['CO-DEVELOPMENT AGREEMENT'],No-Solicit Of Employees
['CO-DEVELOPMENT AGREEMENT'],Rofr/Rofo/Rofn
['CO-DEVELOPMENT AGREEMENT'],Change Of Control
['CO-DEVELOPMENT AGREEMENT'],Anti-Assignment
['CO-DEVELOPMENT AGREEMENT'],Revenue/Profit Sharing
['CO-DEVELOPMENT AGREEMENT'],Minimum Commitment
['CO-DEVELOPMENT AGREEMENT'],Ip Ownership Assignment
['CO-DEVELOPMENT AGREEMENT'],License Grant
['CO-DEVELOPMENT AGREEMENT'],Post-Termination Services
['CO-DEVELOPMENT AGREEMENT'],Audit Rights
['CO-DEVELOPMENT AGREEMENT'],Cap On Liability
['CO-DEVELOPMENT AGREEMENT'],Liquidated Damages
['CO-DEVELOPMENT AGREEMENT'],Insurance
"['COLLABORATIVE RESEARCH, DEVELOPMENT AND COMMERCIALIZATION AGREEMENT']",Non-Compete
"['COLLABORATIVE RESEARCH, DEVELOPMENT AND COMMERCIALIZATION AGREEMENT']",Exclusivity
"['COLLABORATIVE RESEARCH, DEVELOPMENT AND COMMERCIALIZATION AGREEMENT']",Termination For Convenience
"['COLLABORATIVE RESEARCH, DEVELOPMENT AND COMMERCIALIZATION AGREEMENT']",Rofr/Rofo/Rofn
"['COLLABORATIVE RESEARCH, DEVELOPMENT AND COMMERCIALIZATION AGREEMENT']",Change Of Control
"['COLLABORATIVE RESEARCH, DEVELOPMENT AND COMMERCIALIZATION AGREEMENT']",Anti-Assignment
"['COLLABORATIVE RESEARCH, DEVELOPMENT AND COMMERCIALIZATION AGREEMENT']",Revenue/Profit Sharing
"['COLLABORATIVE RESEARCH, DEVELOPMENT AND COMMERCIALIZATION AGREEMENT']",Volume Restriction
"['COLLABORATIVE RESEARCH, DEVELOPMENT AND COMMERCIALIZATION AGREEMENT']",Ip Ownership Assignment
"['COLLABORATIVE RESEARCH, DEVELOPMENT AND COMMERCIALIZATION AGREEMENT']",Joint Ip Ownership
"['COLLABORATIVE RESEARCH, DEVELOPMENT AND COMMERCIALIZATION AGREEMENT']",License Grant
"['COLLABORATIVE RESEARCH, DEVELOPMENT AND COMMERCIALIZATION AGREEMENT']",Non-Transferable License
"['COLLABORATIVE RESEARCH, DEVELOPMENT AND COMMERCIALIZATION AGREEMENT']",Affiliate License-Licensee
"['COLLABORATIVE RESEARCH, DEVELOPMENT AND COMMERCIALIZATION AGREEMENT']",Irrevocable Or Perpetual License
"['COLLABORATIVE RESEARCH, DEVELOPMENT AND COMMERCIALIZATION AGREEMENT']",Post-Termination Services
"['COLLABORATIVE RESEARCH, DEVELOPMENT AND COMMERCIALIZATION AGREEMENT']",Audit Rights
"['COLLABORATIVE RESEARCH, DEVELOPMENT AND COMMERCIALIZATION AGREEMENT']",Uncapped Liability
"['COLLABORATIVE RESEARCH, DEVELOPMENT AND COMMERCIALIZATION AGREEMENT']",Cap On Liability
"['COLLABORATIVE RESEARCH, DEVELOPMENT AND COMMERCIALIZATION AGREEMENT']",Insurance
['DISTRIBUTION AND DEVELOPMENT AGREEMENT'],Exclusivity
['DISTRIBUTION AND DEVELOPMENT AGREEMENT'],No-Solicit Of Customers
['DISTRIBUTION AND DEVELOPMENT AGREEMENT'],Termination For Convenience
['DISTRIBUTION AND DEVELOPMENT AGREEMENT'],Rofr/Rofo/Rofn
['DISTRIBUTION AND DEVELOPMENT AGREEMENT'],Anti-Assignment
['DISTRIBUTION AND DEVELOPMENT AGREEMENT'],Revenue/Profit Sharing
['DISTRIBUTION AND DEVELOPMENT AGREEMENT'],Minimum Commitment
['DISTRIBUTION AND DEVELOPMENT AGREEMENT'],Ip Ownership Assignment
['DISTRIBUTION AND DEVELOPMENT AGREEMENT'],Joint Ip Ownership
['DISTRIBUTION AND DEVELOPMENT AGREEMENT'],License Grant
['DISTRIBUTION AND DEVELOPMENT AGREEMENT'],Post-Termination Services
['DISTRIBUTION AND DEVELOPMENT AGREEMENT'],Audit Rights
['DISTRIBUTION AND DEVELOPMENT AGREEMENT'],Liquidated Damages
['DISTRIBUTION AND DEVELOPMENT AGREEMENT'],Warranty Duration
['DISTRIBUTION AND DEVELOPMENT AGREEMENT'],Insurance
['DISTRIBUTION AND DEVELOPMENT AGREEMENT'],Covenant Not To Sue
['Mobile Application Development Agreement'],Termination For Convenience
['Mobile Application Development Agreement'],Ip Ownership Assignment
['Mobile Application Development Agreement'],Warranty Duration
['DOMAIN NAME AND CONTENT LICENSE AGREEMENT'],Most Favored Nation
['DOMAIN NAME AND CONTENT LICENSE AGREEMENT'],Exclusivity
['DOMAIN NAME AND CONTENT LICENSE AGREEMENT'],Change Of Control
['DOMAIN NAME AND CONTENT LICENSE AGREEMENT'],Anti-Assignment
['DOMAIN NAME AND CONTENT LICENSE AGREEMENT'],License Grant
['DOMAIN NAME AND CONTENT LICENSE AGREEMENT'],Non-Transferable License
['DOMAIN NAME AND CONTENT LICENSE AGREEMENT'],Affiliate License-Licensee
['DOMAIN NAME AND CONTENT LICENSE AGREEMENT'],Post-Termination Services
['DOMAIN NAME AND CONTENT LICENSE AGREEMENT'],Covenant Not To Sue
['JOINT CONTENT LICENSE AGREEMENT'],Non-Compete
['JOINT CONTENT LICENSE AGREEMENT'],Anti-Assignment
['JOINT CONTENT LICENSE AGREEMENT'],Revenue/Profit Sharing
['JOINT CONTENT LICENSE AGREEMENT'],Minimum Commitment
['JOINT CONTENT LICENSE AGREEMENT'],License Grant
['JOINT CONTENT LICENSE AGREEMENT'],Non-Transferable License
['JOINT CONTENT LICENSE AGREEMENT'],Irrevocable Or Perpetual License
['JOINT CONTENT LICENSE AGREEMENT'],Audit Rights
['JOINT CONTENT LICENSE AGREEMENT'],Uncapped Liability
['JOINT CONTENT LICENSE AGREEMENT'],Cap On Liability
['JOINT CONTENT LICENSE AGREEMENT'],Insurance
['JOINT CONTENT LICENSE AGREEMENT'],Covenant Not To Sue
['CONTENT LICENSING AGREEMENT'],Anti-Assignment
['CONTENT LICENSING AGREEMENT'],Revenue/Profit Sharing
['CONTENT LICENSING AGREEMENT'],License Grant
['CONTENT LICENSING AGREEMENT'],Post-Termination Services
['CONTENT LICENSING AGREEMENT'],Audit Rights
['CONTENT LICENSE AGREEMENT'],Anti-Assignment
['CONTENT LICENSE AGREEMENT'],Revenue/Profit Sharing
['CONTENT LICENSE AGREEMENT'],Volume Restriction
['CONTENT LICENSE AGREEMENT'],License Grant
['CONTENT LICENSE AGREEMENT'],Post-Termination Services
['CONTENT LICENSE AGREEMENT'],Cap On Liability
['FORM OF CONTENT LICENSE AGREEMENT'],Rofr/Rofo/Rofn
['FORM OF CONTENT LICENSE AGREEMENT'],Anti-Assignment
['FORM OF CONTENT LICENSE AGREEMENT'],Revenue/Profit Sharing
['FORM OF CONTENT LICENSE AGREEMENT'],License Grant
['FORM OF CONTENT LICENSE AGREEMENT'],Irrevocable Or Perpetual License
['FORM OF CONTENT LICENSE AGREEMENT'],Uncapped Liability
['FORM OF CONTENT LICENSE AGREEMENT'],Cap On Liability
['CONTENT LICENSE AGREEMENT'],Exclusivity
['CONTENT LICENSE AGREEMENT'],Termination For Convenience
['CONTENT LICENSE AGREEMENT'],Revenue/Profit Sharing
['CONTENT LICENSE AGREEMENT'],License Grant
['CONTENT LICENSE AGREEMENT'],Affiliate License-Licensee
['CONTENT LICENSE AGREEMENT'],Post-Termination Services
['CONTENT LICENSE AGREEMENT'],Audit Rights
['CONTENT LICENSE AGREEMENT'],Cap On Liability
['CONTENT LICENSE AGREEMENT'],Exclusivity
['CONTENT LICENSE AGREEMENT'],Revenue/Profit Sharing
['CONTENT LICENSE AGREEMENT'],Minimum Commitment
['CONTENT LICENSE AGREEMENT'],Ip Ownership Assignment
['CONTENT LICENSE AGREEMENT'],License Grant
['CONTENT LICENSE AGREEMENT'],Covenant Not To Sue
['Program Content License Agreement'],Exclusivity
['Program Content License Agreement'],Rofr/Rofo/Rofn
['Program Content License Agreement'],Change Of Control
['Program Content License Agreement'],Anti-Assignment
['Program Content License Agreement'],Ip Ownership Assignment
['Program Content License Agreement'],License Grant
['Program Content License Agreement'],Non-Transferable License
['CONTENT LICENSE AGREEMENT'],Non-Compete
['CONTENT LICENSE AGREEMENT'],Exclusivity
['CONTENT LICENSE AGREEMENT'],Rofr/Rofo/Rofn
['CONTENT LICENSE AGREEMENT'],Anti-Assignment
['CONTENT LICENSE AGREEMENT'],Revenue/Profit Sharing
['CONTENT LICENSE AGREEMENT'],Minimum Commitment
['CONTENT LICENSE AGREEMENT'],License Grant
['CONTENT LICENSE AGREEMENT'],Non-Transferable License
['CONTENT LICENSE AGREEMENT'],Affiliate License-Licensee
['CONTENT LICENSE AGREEMENT'],Irrevocable Or Perpetual License
['CONTENT LICENSE AGREEMENT'],Audit Rights
['CONTENT LICENSE AGREEMENT'],Uncapped Liability
['CONTENT LICENSE AGREEMENT'],Cap On Liability
['Media Content and License Agreement'],Exclusivity
['Media Content and License Agreement'],Liquidated Damages
['CONTENT LICENSE AGREEMENT'],Exclusivity
['CONTENT LICENSE AGREEMENT'],Termination For Convenience
['CONTENT LICENSE AGREEMENT'],License Grant
['CONTENT LICENSE AGREEMENT'],Affiliate License-Licensee
['CONTENT LICENSE AGREEMENT'],Unlimited/All-You-Can-Eat-License
['CONTENT LICENSE AGREEMENT'],Anti-Assignment
['CONTENT LICENSE AGREEMENT'],License Grant
['CONTENT LICENSE AGREEMENT'],Non-Transferable License
['CONTENT LICENSE AGREEMENT'],Post-Termination Services
['CONTENT LICENSE AGREEMENT'],Cap On Liability
['DISTRIBUTOR AGREEMENT'],Non-Compete
['DISTRIBUTOR AGREEMENT'],Termination For Convenience
['DISTRIBUTOR AGREEMENT'],Anti-Assignment
['DISTRIBUTOR AGREEMENT'],Post-Termination Services
['DISTRIBUTOR AGREEMENT'],Covenant Not To Sue
['EXCLUSIVE DISTRIBUTOR AGREEMENT'],Exclusivity
['EXCLUSIVE DISTRIBUTOR AGREEMENT'],Non-Disparagement
['EXCLUSIVE DISTRIBUTOR AGREEMENT'],Revenue/Profit Sharing
['EXCLUSIVE DISTRIBUTOR AGREEMENT'],License Grant
['EXCLUSIVE DISTRIBUTOR AGREEMENT'],Non-Transferable License
['EXCLUSIVE DISTRIBUTOR AGREEMENT'],Post-Termination Services
['EXCLUSIVE DISTRIBUTOR AGREEMENT'],Audit Rights
['EXCLUSIVE DISTRIBUTOR AGREEMENT'],Insurance
['EXCLUSIVE DISTRIBUTOR AGREEMENT'],Covenant Not To Sue
['DISTRIBUTORSHIP AGREEMENT'],Non-Compete
['DISTRIBUTORSHIP AGREEMENT'],Exclusivity
['DISTRIBUTORSHIP AGREEMENT'],Non-Disparagement
['DISTRIBUTORSHIP AGREEMENT'],Termination For Convenience
['DISTRIBUTORSHIP AGREEMENT'],Anti-Assignment
['DISTRIBUTORSHIP AGREEMENT'],Minimum Commitment
['DISTRIBUTORSHIP AGREEMENT'],License Grant
['DISTRIBUTORSHIP AGREEMENT'],Non-Transferable License
['DISTRIBUTORSHIP AGREEMENT'],Post-Termination Services
['DISTRIBUTORSHIP AGREEMENT'],Uncapped Liability
['DISTRIBUTORSHIP AGREEMENT'],Cap On Liability
['DISTRIBUTORSHIP AGREEMENT'],Warranty Duration
['DISTRIBUTORSHIP AGREEMENT'],Insurance
['DISTRIBUTORSHIP AGREEMENT'],Covenant Not To Sue
['DISTRIBUTORSHIP AGREEMENT'],Non-Compete
['DISTRIBUTORSHIP AGREEMENT'],Exclusivity
['DISTRIBUTORSHIP AGREEMENT'],Termination For Convenience
['DISTRIBUTORSHIP AGREEMENT'],Change Of Control
['DISTRIBUTORSHIP AGREEMENT'],Anti-Assignment
['DISTRIBUTORSHIP AGREEMENT'],Revenue/Profit Sharing
['DISTRIBUTORSHIP AGREEMENT'],Ip Ownership Assignment
['DISTRIBUTORSHIP AGREEMENT'],Joint Ip Ownership
['DISTRIBUTORSHIP AGREEMENT'],License Grant
['DISTRIBUTORSHIP AGREEMENT'],Affiliate License-Licensor
['DISTRIBUTORSHIP AGREEMENT'],Affiliate License-Licensee
['DISTRIBUTORSHIP AGREEMENT'],Irrevocable Or Perpetual License
['DISTRIBUTORSHIP AGREEMENT'],Post-Termination Services
['DISTRIBUTORSHIP AGREEMENT'],Audit Rights
['DISTRIBUTORSHIP AGREEMENT'],Uncapped Liability
['DISTRIBUTORSHIP AGREEMENT'],Cap On Liability
['DISTRIBUTORSHIP AGREEMENT'],Insurance
['DISTRIBUTORSHIP AGREEMENT'],Covenant Not To Sue
['INTELLECTUAL PROPERTY AGREEMENT'],Non-Disparagement
['INTELLECTUAL PROPERTY AGREEMENT'],Anti-Assignment
['INTELLECTUAL PROPERTY AGREEMENT'],Minimum Commitment
['INTELLECTUAL PROPERTY AGREEMENT'],Ip Ownership Assignment
['INTELLECTUAL PROPERTY AGREEMENT'],License Grant
['INTELLECTUAL PROPERTY AGREEMENT'],Non-Transferable License
['INTELLECTUAL PROPERTY AGREEMENT'],Affiliate License-Licensor
['INTELLECTUAL PROPERTY AGREEMENT'],Affiliate License-Licensee
['INTELLECTUAL PROPERTY AGREEMENT'],Irrevocable Or Perpetual License
['INTELLECTUAL PROPERTY AGREEMENT'],Covenant Not To Sue
['WIRELESS CONTENT LICENSE AGREEMENT'],Exclusivity
['WIRELESS CONTENT LICENSE AGREEMENT'],Non-Disparagement
['WIRELESS CONTENT LICENSE AGREEMENT'],Rofr/Rofo/Rofn
['WIRELESS CONTENT LICENSE AGREEMENT'],Change Of Control
['WIRELESS CONTENT LICENSE AGREEMENT'],Anti-Assignment
['WIRELESS CONTENT LICENSE AGREEMENT'],Revenue/Profit Sharing
['WIRELESS CONTENT LICENSE AGREEMENT'],Minimum Commitment
['WIRELESS CONTENT LICENSE AGREEMENT'],Volume Restriction
['WIRELESS CONTENT LICENSE AGREEMENT'],Ip Ownership Assignment
['WIRELESS CONTENT LICENSE AGREEMENT'],License Grant
['WIRELESS CONTENT LICENSE AGREEMENT'],Non-Transferable License
['WIRELESS CONTENT LICENSE AGREEMENT'],Post-Termination Services
['WIRELESS CONTENT LICENSE AGREEMENT'],Audit Rights
['WIRELESS CONTENT LICENSE AGREEMENT'],Cap On Liability
['WIRELESS CONTENT LICENSE AGREEMENT'],Liquidated Damages
['WIRELESS CONTENT LICENSE AGREEMENT'],Covenant Not To Sue
"['Wireless Content License Agreement Number 12965', 'AMENDMENT NO. 1']",Exclusivity
"['Wireless Content License Agreement Number 12965', 'AMENDMENT NO. 1']",Revenue/Profit Sharing
"['Wireless Content License Agreement Number 12965', 'AMENDMENT NO. 1']",Minimum Commitment
"['Wireless Content License Agreement Number 12965', 'AMENDMENT NO. 1']",Volume Restriction
"['Wireless Content License Agreement Number 12965', 'AMENDMENT NO. 1']",License Grant
"['Wireless Content License Agreement Number 12965', 'AMENDMENT NO. 1']",Non-Transferable License
"['Wireless Content License Agreement Number 12965', 'AMENDMENT NO. 2']",Revenue/Profit Sharing
"['Wireless Content License Agreement Number 12965', 'AMENDMENT NO. 2']",License Grant
['DOMAIN NAME AND CONTENT LICENSE AGREEMENT'],Most Favored Nation
['DOMAIN NAME AND CONTENT LICENSE AGREEMENT'],Exclusivity
['DOMAIN NAME AND CONTENT LICENSE AGREEMENT'],Change Of Control
['DOMAIN NAME AND CONTENT LICENSE AGREEMENT'],Anti-Assignment
['DOMAIN NAME AND CONTENT LICENSE AGREEMENT'],License Grant
['DOMAIN NAME AND CONTENT LICENSE AGREEMENT'],Non-Transferable License
['DOMAIN NAME AND CONTENT LICENSE AGREEMENT'],Affiliate License-Licensee
['DOMAIN NAME AND CONTENT LICENSE AGREEMENT'],Post-Termination Services
['DOMAIN NAME AND CONTENT LICENSE AGREEMENT'],Covenant Not To Sue
['ENDORSEMENT AGREEMENT'],Competitive Restriction Exception
['ENDORSEMENT AGREEMENT'],Exclusivity
['ENDORSEMENT AGREEMENT'],Non-Disparagement
['ENDORSEMENT AGREEMENT'],Anti-Assignment
['ENDORSEMENT AGREEMENT'],Minimum Commitment
['ENDORSEMENT AGREEMENT'],Volume Restriction
['ENDORSEMENT AGREEMENT'],Ip Ownership Assignment
['ENDORSEMENT AGREEMENT'],License Grant
['ENDORSEMENT AGREEMENT'],Non-Transferable License
['ENDORSEMENT AGREEMENT'],Irrevocable Or Perpetual License
['ENDORSEMENT AGREEMENT'],Post-Termination Services
['ENDORSEMENT AGREEMENT'],Cap On Liability
['ENDORSEMENT AGREEMENT'],Insurance
['ENDORSEMENT AGREEMENT'],Covenant Not To Sue
['SAMPLE OF NON-DISCLOSURE AND NON-COMPETITION AGREEMENT'],Non-Compete
['SAMPLE OF NON-DISCLOSURE AND NON-COMPETITION AGREEMENT'],No-Solicit Of Customers
['SAMPLE OF NON-DISCLOSURE AND NON-COMPETITION AGREEMENT'],No-Solicit Of Employees
['SAMPLE OF NON-DISCLOSURE AND NON-COMPETITION AGREEMENT'],Third Party Beneficiary
['FORM OF FRANCHISE AGREEMENT'],Non-Compete
['FORM OF FRANCHISE AGREEMENT'],No-Solicit Of Customers
['FORM OF FRANCHISE AGREEMENT'],No-Solicit Of Employees
['FORM OF FRANCHISE AGREEMENT'],Termination For Convenience
['FORM OF FRANCHISE AGREEMENT'],Rofr/Rofo/Rofn
['FORM OF FRANCHISE AGREEMENT'],Change Of Control
['FORM OF FRANCHISE AGREEMENT'],Anti-Assignment
['FORM OF FRANCHISE AGREEMENT'],Revenue/Profit Sharing
['FORM OF FRANCHISE AGREEMENT'],Minimum Commitment
['FORM OF FRANCHISE AGREEMENT'],Ip Ownership Assignment
['FORM OF FRANCHISE AGREEMENT'],License Grant
['FORM OF FRANCHISE AGREEMENT'],Non-Transferable License
['FORM OF FRANCHISE AGREEMENT'],Post-Termination Services
['FORM OF FRANCHISE AGREEMENT'],Audit Rights
['FORM OF FRANCHISE AGREEMENT'],Cap On Liability
['FORM OF FRANCHISE AGREEMENT'],Liquidated Damages
['FORM OF FRANCHISE AGREEMENT'],Insurance
['FORM OF FRANCHISE AGREEMENT'],Covenant Not To Sue
"['CONTENT LICENSE, MARKETING AND SALES AGREEMENT']",Most Favored Nation
"['CONTENT LICENSE, MARKETING AND SALES AGREEMENT']",Non-Compete
"['CONTENT LICENSE, MARKETING AND SALES AGREEMENT']",Exclusivity
"['CONTENT LICENSE, MARKETING AND SALES AGREEMENT']",Non-Disparagement
"['CONTENT LICENSE, MARKETING AND SALES AGREEMENT']",Rofr/Rofo/Rofn
"['CONTENT LICENSE, MARKETING AND SALES AGREEMENT']",Anti-Assignment
"['CONTENT LICENSE, MARKETING AND SALES AGREEMENT']",Revenue/Profit Sharing
"['CONTENT LICENSE, MARKETING AND SALES AGREEMENT']",Minimum Commitment
"['CONTENT LICENSE, MARKETING AND SALES AGREEMENT']",Volume Restriction
"['CONTENT LICENSE, MARKETING AND SALES AGREEMENT']",Ip Ownership Assignment
"['CONTENT LICENSE, MARKETING AND SALES AGREEMENT']",Joint Ip Ownership
"['CONTENT LICENSE, MARKETING AND SALES AGREEMENT']",License Grant
"['CONTENT LICENSE, MARKETING AND SALES AGREEMENT']",Non-Transferable License
"['CONTENT LICENSE, MARKETING AND SALES AGREEMENT']",Irrevocable Or Perpetual License
"['CONTENT LICENSE, MARKETING AND SALES AGREEMENT']",Post-Termination Services
"['CONTENT LICENSE, MARKETING AND SALES AGREEMENT']",Audit Rights
"['CONTENT LICENSE, MARKETING AND SALES AGREEMENT']",Uncapped Liability
"['CONTENT LICENSE, MARKETING AND SALES AGREEMENT']",Cap On Liability
"['CONTENT LICENSE, MARKETING AND SALES AGREEMENT']",Insurance
['SUPPLIER/SUBCONTRACTOR CONTRACT'],Non-Compete
['SUPPLIER/SUBCONTRACTOR CONTRACT'],Third Party Beneficiary
['NONEXCLUSIVE VALUE ADDED DISTRIBUTOR AGREEMENT'],Exclusivity
['NONEXCLUSIVE VALUE ADDED DISTRIBUTOR AGREEMENT'],Termination For Convenience
['NONEXCLUSIVE VALUE ADDED DISTRIBUTOR AGREEMENT'],Anti-Assignment
['NONEXCLUSIVE VALUE ADDED DISTRIBUTOR AGREEMENT'],Minimum Commitment
['NONEXCLUSIVE VALUE ADDED DISTRIBUTOR AGREEMENT'],License Grant
['NONEXCLUSIVE VALUE ADDED DISTRIBUTOR AGREEMENT'],Non-Transferable License
['NONEXCLUSIVE VALUE ADDED DISTRIBUTOR AGREEMENT'],Affiliate License-Licensee
['NONEXCLUSIVE VALUE ADDED DISTRIBUTOR AGREEMENT'],Post-Termination Services
['NONEXCLUSIVE VALUE ADDED DISTRIBUTOR AGREEMENT'],Audit Rights
['NONEXCLUSIVE VALUE ADDED DISTRIBUTOR AGREEMENT'],Uncapped Liability
['NONEXCLUSIVE VALUE ADDED DISTRIBUTOR AGREEMENT'],Cap On Liability
['NONEXCLUSIVE VALUE ADDED DISTRIBUTOR AGREEMENT'],Warranty Duration
['NONEXCLUSIVE VALUE ADDED DISTRIBUTOR AGREEMENT'],Insurance
['Software License Agreement [v.08.05.03]'],Termination For Convenience
['Software License Agreement [v.08.05.03]'],Anti-Assignment
['Software License Agreement [v.08.05.03]'],License Grant
['Software License Agreement [v.08.05.03]'],Non-Transferable License
['Software License Agreement [v.08.05.03]'],Audit Rights
['Software License Agreement [v.08.05.03]'],Cap On Liability
['Software License Agreement [v.08.05.03]'],Warranty Duration
['SOFTWARE DEVELOPMENT AGREEMENT'],Non-Disparagement
['SOFTWARE DEVELOPMENT AGREEMENT'],Termination For Convenience
['SOFTWARE DEVELOPMENT AGREEMENT'],Anti-Assignment
['SOFTWARE DEVELOPMENT AGREEMENT'],Ip Ownership Assignment
['SOFTWARE DEVELOPMENT AGREEMENT'],License Grant
['SOFTWARE DEVELOPMENT AGREEMENT'],Post-Termination Services
['MANUFACTURING AGREEMENT'],Anti-Assignment
['MANUFACTURING AGREEMENT'],Minimum Commitment
['MANUFACTURING AGREEMENT'],Post-Termination Services
['MANUFACTURING AGREEMENT'],Audit Rights
['MANUFACTURING AGREEMENT'],Insurance
"['MANUFACTURING AGREEMENT', 'AMENDMENT NO. 1']",Minimum Commitment
['CONSULTING AGREEMENT'],Termination For Convenience
['CONSULTING AGREEMENT'],Change Of Control
['CONSULTING AGREEMENT'],Anti-Assignment
['CONSULTING AGREEMENT'],Revenue/Profit Sharing
['CONSULTING AGREEMENT'],Non-Compete
['CONSULTING AGREEMENT'],Termination For Convenience
['CONSULTING AGREEMENT'],Anti-Assignment
['CONSULTING AGREEMENT'],Volume Restriction
['CONSULTING AGREEMENT'],Ip Ownership Assignment
['CONSULTING AGREEMENT'],License Grant
['CONSULTING AGREEMENT'],Irrevocable Or Perpetual License
['CONSULTING AGREEMENT'],Post-Termination Services
['CONSULTING AGREEMENT'],Post-Termination Services
['CONSULTING AGREEMENT'],No-Solicit Of Customers
['CONSULTING AGREEMENT'],Anti-Assignment
['CONSULTING AGREEMENT'],Termination For Convenience
['CONSULTING AGREEMENT'],Anti-Assignment
['CONSULTING AGREEMENT'],Competitive Restriction Exception
['CONSULTING AGREEMENT'],Non-Compete
['CONSULTING AGREEMENT'],No-Solicit Of Customers
['CONSULTING AGREEMENT'],No-Solicit Of Employees
['CONSULTING AGREEMENT'],Non-Disparagement
['CONSULTING AGREEMENT'],Termination For Convenience
['CONSULTING AGREEMENT'],Change Of Control
['CONSULTING AGREEMENT'],Anti-Assignment
['CONSULTING AGREEMENT'],Revenue/Profit Sharing
['CONSULTING AGREEMENT'],Ip Ownership Assignment
['CONSULTING AGREEMENT'],Liquidated Damages
['CONSULTING AGREEMENT'],Insurance
['Consulting Agreement'],Non-Compete
['Consulting Agreement'],No-Solicit Of Customers
['Consulting Agreement'],No-Solicit Of Employees
['Consulting Agreement'],Termination For Convenience
['Consulting Agreement'],Anti-Assignment
['Consulting Agreement'],Ip Ownership Assignment
['Consulting Agreement'],License Grant
['Consulting Agreement'],Irrevocable Or Perpetual License
['Consulting Agreement'],Post-Termination Services
['Consulting Agreement'],Cap On Liability
['CONSULTING AGREEMENT'],No-Solicit Of Employees
['CONSULTING AGREEMENT'],Termination For Convenience
['CONSULTING AGREEMENT'],Ip Ownership Assignment
['CONSULTING AGREEMENT'],No-Solicit Of Employees
['CONSULTING AGREEMENT'],Termination For Convenience
['CONSULTING AGREEMENT'],Anti-Assignment
['CONSULTING AGREEMENT'],Revenue/Profit Sharing
['CONSULTING AGREEMENT'],Ip Ownership Assignment
['CONSULTING AGREEMENT'],License Grant
['CONSULTING AGREEMENT'],Irrevocable Or Perpetual License
['CONSULTING AGREEMENT'],No-Solicit Of Employees
['CONSULTING AGREEMENT'],Termination For Convenience
['CONSULTING AGREEMENT'],Change Of Control
['CONSULTING AGREEMENT'],Anti-Assignment
['CONSULTING AGREEMENT'],Ip Ownership Assignment
['CONSULTING AGREEMENT'],Post-Termination Services
['CONSULTING AGREEMENT'],Cap On Liability
['CONSULTING AGREEMENT'],Liquidated Damages
['FRANCHISE AGREEMENT'],Competitive Restriction Exception
['FRANCHISE AGREEMENT'],Non-Compete
['FRANCHISE AGREEMENT'],Exclusivity
['FRANCHISE AGREEMENT'],No-Solicit Of Customers
['FRANCHISE AGREEMENT'],No-Solicit Of Employees
['FRANCHISE AGREEMENT'],Non-Disparagement
['FRANCHISE AGREEMENT'],Termination For Convenience
['FRANCHISE AGREEMENT'],Rofr/Rofo/Rofn
['FRANCHISE AGREEMENT'],Change Of Control
['FRANCHISE AGREEMENT'],Anti-Assignment
['FRANCHISE AGREEMENT'],Revenue/Profit Sharing
['FRANCHISE AGREEMENT'],Ip Ownership Assignment
['FRANCHISE AGREEMENT'],License Grant
['FRANCHISE AGREEMENT'],Affiliate License-Licensee
['FRANCHISE AGREEMENT'],Irrevocable Or Perpetual License
['FRANCHISE AGREEMENT'],Post-Termination Services
['FRANCHISE AGREEMENT'],Audit Rights
['FRANCHISE AGREEMENT'],Cap On Liability
['FRANCHISE AGREEMENT'],Insurance
['FRANCHISE AGREEMENT'],Covenant Not To Sue
['CONSULTING AGREEMENT'],Exclusivity
['CONSULTING AGREEMENT'],No-Solicit Of Employees
['CONSULTING AGREEMENT'],Termination For Convenience
['CONSULTING AGREEMENT'],Anti-Assignment
['CONSULTING AGREEMENT'],Ip Ownership Assignment
['WEB SITE HOSTING AGREEMENT'],Termination For Convenience
['WEB SITE HOSTING AGREEMENT'],Cap On Liability
['HOSTING AGREEMENT'],Anti-Assignment
['HOSTING AGREEMENT'],License Grant
['HOSTING AGREEMENT'],Non-Transferable License
['HOSTING AGREEMENT'],Post-Termination Services
['HOSTING AGREEMENT'],Uncapped Liability
['HOSTING AGREEMENT'],Cap On Liability
['Online Hosting Agreement'],Termination For Convenience
['Online Hosting Agreement'],Change Of Control
['Online Hosting Agreement'],Anti-Assignment
['Online Hosting Agreement'],Ip Ownership Assignment
['Online Hosting Agreement'],Audit Rights
['LICENSE AND HOSTING AGREEMENT'],Anti-Assignment
['LICENSE AND HOSTING AGREEMENT'],License Grant
['LICENSE AND HOSTING AGREEMENT'],Irrevocable Or Perpetual License
['LICENSE AND HOSTING AGREEMENT'],Post-Termination Services
['LICENSE AND HOSTING AGREEMENT'],Uncapped Liability
['LICENSE AND HOSTING AGREEMENT'],Cap On Liability
['LICENSE AND HOSTING AGREEMENT'],Insurance
['Franchise Agreement'],Competitive Restriction Exception
['Franchise Agreement'],Non-Compete
['Franchise Agreement'],Exclusivity
['Franchise Agreement'],No-Solicit Of Customers
['Franchise Agreement'],No-Solicit Of Employees
['Franchise Agreement'],Rofr/Rofo/Rofn
['Franchise Agreement'],Change Of Control
['Franchise Agreement'],Anti-Assignment
['Franchise Agreement'],Revenue/Profit Sharing
['Franchise Agreement'],Minimum Commitment
['Franchise Agreement'],Ip Ownership Assignment
['Franchise Agreement'],License Grant
['Franchise Agreement'],Non-Transferable License
['Franchise Agreement'],Post-Termination Services
['Franchise Agreement'],Audit Rights
['Franchise Agreement'],Liquidated Damages
['Franchise Agreement'],Insurance
['Franchise Agreement'],Covenant Not To Sue
['Franchise Agreement'],Third Party Beneficiary
['AGENCY AGREEMENT'],Exclusivity
['AGENCY AGREEMENT'],Termination For Convenience
['AGENCY AGREEMENT'],Anti-Assignment
['AGENCY AGREEMENT'],License Grant
['AGENCY AGREEMENT'],Post-Termination Services
['AGENCY AGREEMENT'],Audit Rights
['AGENCY AGREEMENT'],Liquidated Damages
['AGENCY AGREEMENT'],Insurance
['AGENCY AGREEMENT'],Exclusivity
['AGENCY AGREEMENT'],Revenue/Profit Sharing
['AGENCY AGREEMENT'],Minimum Commitment
['AGENCY AGREEMENT'],Cap On Liability
['Support and Maintenance Agreement'],Cap On Liability
['Yield Maintenance Agreement'],Anti-Assignment
['Yield Maintenance Agreement'],Cap On Liability
['MAINTENANCE AGREEMENT'],Price Restrictions
['MAINTENANCE AGREEMENT'],Anti-Assignment
['MAINTENANCE AGREEMENT'],Minimum Commitment
['MAINTENANCE AGREEMENT'],Ip Ownership Assignment
['MAINTENANCE AGREEMENT'],Cap On Liability
['Services Agreement'],Termination For Convenience
['Services Agreement'],Anti-Assignment
['Services Agreement'],Ip Ownership Assignment
['SERVICING AGREEMENT'],Termination For Convenience
['SERVICING AGREEMENT'],Audit Rights
['SERVICING AGREEMENT'],Cap On Liability
['SERVICING AGREEMENT'],Post-Termination Services
['SERVICING AGREEMENT'],Audit Rights
['SERVICING AGREEMENT'],Covenant Not To Sue
['SERVICING AGREEMENT'],Third Party Beneficiary
['SERVICE AGREEMENT FOR TRANSFER AGENT SERVICES'],Anti-Assignment
['SERVICE AGREEMENT FOR TRANSFER AGENT SERVICES'],Cap On Liability
['SERVICE AGREEMENT FOR TRANSFER AGENT SERVICES'],Liquidated Damages
['SERVICES AGREEMENT'],Termination For Convenience
['SERVICES AGREEMENT'],Anti-Assignment
['SERVICES AGREEMENT'],Post-Termination Services
['SERVICES AGREEMENT'],Audit Rights
['Master Service Agreement'],Termination For Convenience
['Master Service Agreement'],Anti-Assignment
['Master Service Agreement'],Ip Ownership Assignment
['Master Service Agreement'],Post-Termination Services
['Master Service Agreement'],Uncapped Liability
['Master Service Agreement'],Cap On Liability
['MASTER SERVICES AGREEMENT ('],No-Solicit Of Employees
['MASTER SERVICES AGREEMENT ('],Termination For Convenience
['MASTER SERVICES AGREEMENT ('],Anti-Assignment
['MASTER SERVICES AGREEMENT ('],Ip Ownership Assignment
['MASTER SERVICES AGREEMENT ('],License Grant
['MASTER SERVICES AGREEMENT ('],Irrevocable Or Perpetual License
['MASTER SERVICES AGREEMENT ('],Uncapped Liability
['MASTER SERVICES AGREEMENT ('],Cap On Liability
['MASTER SERVICES AGREEMENT ('],Insurance
['SERVICES AGREEMENT'],Termination For Convenience
['SERVICES AGREEMENT'],Anti-Assignment
['SERVICES AGREEMENT'],Audit Rights
['SERVICES AGREEMENT'],Cap On Liability
['SERVICES AGREEMENT'],Non-Compete
['SERVICES AGREEMENT'],No-Solicit Of Customers
['SERVICES AGREEMENT'],No-Solicit Of Employees
['SERVICES AGREEMENT'],Termination For Convenience
['SERVICES AGREEMENT'],Anti-Assignment
['SERVICE AGREEMENT'],Termination For Convenience
['SERVICE AGREEMENT'],Anti-Assignment
['SERVICE AGREEMENT'],Audit Rights
['SERVICE AGREEMENT'],Cap On Liability
['SERVICES AGREEMENT'],Termination For Convenience
['SERVICES AGREEMENT'],Anti-Assignment
['SERVICE AGREEMENT'],Competitive Restriction Exception
['SERVICE AGREEMENT'],Non-Compete
['SERVICE AGREEMENT'],No-Solicit Of Customers
['SERVICE AGREEMENT'],No-Solicit Of Employees
['SERVICE AGREEMENT'],Termination For Convenience
['SERVICE AGREEMENT'],Ip Ownership Assignment
['SERVICE AGREEMENT'],Insurance
['SERVICE AGREEMENT'],Competitive Restriction Exception
['SERVICE AGREEMENT'],Non-Compete
['SERVICE AGREEMENT'],No-Solicit Of Employees
['SERVICE AGREEMENT'],Termination For Convenience
['SERVICE AGREEMENT'],Rofr/Rofo/Rofn
['SERVICE AGREEMENT'],Ip Ownership Assignment
['SERVICE AGREEMENT'],Post-Termination Services
['SERVICE AGREEMENT'],Covenant Not To Sue
['SERVICE AGREEMENT'],Termination For Convenience
['SERVICE AGREEMENT'],Anti-Assignment
['SERVICE AGREEMENT'],Anti-Assignment
['SERVICE AGREEMENT'],Revenue/Profit Sharing
['SERVICE AGREEMENT'],Liquidated Damages
['Service Agreement'],Anti-Assignment
['Service Agreement'],Audit Rights
['Service Agreement'],Uncapped Liability
['Service Agreement'],Cap On Liability
['SERVICE AGREEMENT'],No-Solicit Of Employees
['SERVICE AGREEMENT'],Non-Disparagement
['SERVICE AGREEMENT'],Termination For Convenience
['SERVICE AGREEMENT'],Ip Ownership Assignment
['SERVICE AGREEMENT'],Joint Ip Ownership
['SERVICE AGREEMENT'],Covenant Not To Sue
['SPONSORSHIP AGREEMENT'],Termination For Convenience
['SPONSORSHIP AGREEMENT'],Revenue/Profit Sharing
['SPONSORSHIP AGREEMENT'],Cap On Liability
['Sponsorship Agreement'],Anti-Assignment
['Sponsorship Agreement'],Minimum Commitment
['SPONSORSHIP AND DEVELOPMENT AGREEMENT'],Competitive Restriction Exception
['SPONSORSHIP AND DEVELOPMENT AGREEMENT'],Exclusivity
['SPONSORSHIP AND DEVELOPMENT AGREEMENT'],Change Of Control
['SPONSORSHIP AND DEVELOPMENT AGREEMENT'],Anti-Assignment
['SPONSORSHIP AND DEVELOPMENT AGREEMENT'],Revenue/Profit Sharing
['SPONSORSHIP AND DEVELOPMENT AGREEMENT'],License Grant
['SPONSORSHIP AND DEVELOPMENT AGREEMENT'],Post-Termination Services
['SPONSORSHIP AND DEVELOPMENT AGREEMENT'],Audit Rights
['SPONSORSHIP AND DEVELOPMENT AGREEMENT'],Cap On Liability
['SPONSORSHIP AND DEVELOPMENT AGREEMENT'],Third Party Beneficiary
['SPONSORSHIP AGREEMENT'],Most Favored Nation
['SPONSORSHIP AGREEMENT'],Non-Compete
['SPONSORSHIP AGREEMENT'],Non-Disparagement
['SPONSORSHIP AGREEMENT'],Termination For Convenience
['SPONSORSHIP AGREEMENT'],Anti-Assignment
['SPONSORSHIP AGREEMENT'],Cap On Liability
['SPONSORSHIP AGREEMENT'],Insurance
['SPONSORSHIP AGREEMENT'],Termination For Convenience
['SPONSORSHIP AGREEMENT'],Change Of Control
['SPONSORSHIP AGREEMENT'],Anti-Assignment
['SPONSORSHIP AGREEMENT'],Minimum Commitment
['SPONSORSHIP AGREEMENT'],Audit Rights
['SPONSORSHIP AGREEMENT'],Cap On Liability
['SPONSORSHIP AGREEMENT'],Covenant Not To Sue
['SPONSORSHIP AGREEMENT'],Anti-Assignment
['Sponsorship Agreement'],Competitive Restriction Exception
['Sponsorship Agreement'],Non-Compete
['Sponsorship Agreement'],Rofr/Rofo/Rofn
['Sponsorship Agreement'],Anti-Assignment
['Sponsorship Agreement'],Revenue/Profit Sharing
['Sponsorship Agreement'],Minimum Commitment
['Sponsorship Agreement'],License Grant
['Sponsorship Agreement'],Post-Termination Services
['Sponsorship Agreement'],Audit Rights
['Sponsorship Agreement'],Uncapped Liability
['Sponsorship Agreement'],Cap On Liability
['SPONSORSHIP AGREEMENT'],Competitive Restriction Exception
['SPONSORSHIP AGREEMENT'],Exclusivity
['SPONSORSHIP AGREEMENT'],Non-Disparagement
['SPONSORSHIP AGREEMENT'],Rofr/Rofo/Rofn
['SPONSORSHIP AGREEMENT'],Anti-Assignment
['SPONSORSHIP AGREEMENT'],License Grant
['SPONSORSHIP AGREEMENT'],Cap On Liability
['SPONSORSHIP AGREEMENT'],Insurance
['SPONSORSHIP AGREEMENT'],Covenant Not To Sue
['SPONSORSHIP AGREEMENT'],Third Party Beneficiary
['SPONSORSHIP AGREEMENT'],Exclusivity
['SPONSORSHIP AGREEMENT'],Non-Disparagement
['SPONSORSHIP AGREEMENT'],Anti-Assignment
['SPONSORSHIP AGREEMENT'],License Grant
['SPONSORSHIP AGREEMENT'],Non-Transferable License
['SPONSORSHIP AGREEMENT'],Cap On Liability
['CORPORATE SPONSORSHIP AGREEMENT'],Anti-Assignment
['CORPORATE SPONSORSHIP AGREEMENT'],License Grant
['CORPORATE SPONSORSHIP AGREEMENT'],Non-Transferable License
['CORPORATE SPONSORSHIP AGREEMENT'],Cap On Liability
['CORPORATE SPONSORSHIP AGREEMENT'],Insurance
['SPONSORSHIP AGREEMENT'],Exclusivity
['SPONSORSHIP AGREEMENT'],Anti-Assignment
['SPONSORSHIP AGREEMENT'],License Grant
['SPONSORSHIP AGREEMENT'],Non-Transferable License
['SPONSORSHIP AGREEMENT'],Uncapped Liability
['SPONSORSHIP AGREEMENT'],Cap On Liability
['SPONSORSHIP AGREEMENT'],Non-Compete
['SPONSORSHIP AGREEMENT'],Anti-Assignment
['SPONSORSHIP AGREEMENT'],Revenue/Profit Sharing
['SPONSORSHIP AGREEMENT'],Minimum Commitment
['SPONSORSHIP AGREEMENT'],License Grant
['SPONSORSHIP AGREEMENT'],Audit Rights
['SPONSORSHIP AGREEMENT'],Cap On Liability
['Sponsorship Agreement'],Most Favored Nation
['Sponsorship Agreement'],Exclusivity
['Sponsorship Agreement'],Rofr/Rofo/Rofn
['Sponsorship Agreement'],Anti-Assignment
['Sponsorship Agreement'],Minimum Commitment
['Sponsorship Agreement'],Ip Ownership Assignment
['Sponsorship Agreement'],License Grant
['Sponsorship Agreement'],Audit Rights
['Sponsorship Agreement'],Cap On Liability
['Sponsorship Agreement'],Warranty Duration
['SPONSORSHIP AGREEMENT'],Non-Compete
['SPONSORSHIP AGREEMENT'],Exclusivity
['SPONSORSHIP AGREEMENT'],Anti-Assignment
['SPONSORSHIP AGREEMENT'],Insurance
['SPONSORSHIP AGREEMENT'],Anti-Assignment
['SPONSORSHIP AGREEMENT'],Cap On Liability
['SPONSORSHIP AGREEMENT'],Anti-Assignment
['SPONSORSHIP AGREEMENT'],Insurance
['SPONSORSHIP AGREEMENT'],Covenant Not To Sue
['SPONSORSHIP AGREEMENT'],Third Party Beneficiary
['SPONSORSHIP AGREEMENT'],Competitive Restriction Exception
['SPONSORSHIP AGREEMENT'],Exclusivity
['SPONSORSHIP AGREEMENT'],Rofr/Rofo/Rofn
['SPONSORSHIP AGREEMENT'],Anti-Assignment
['SPONSORSHIP AGREEMENT'],Revenue/Profit Sharing
['SPONSORSHIP AGREEMENT'],Minimum Commitment
['SPONSORSHIP AGREEMENT'],Joint Ip Ownership
['SPONSORSHIP AGREEMENT'],License Grant
['SPONSORSHIP AGREEMENT'],Affiliate License-Licensee
['SPONSORSHIP AGREEMENT'],Audit Rights
['SPONSORSHIP AGREEMENT'],Uncapped Liability
['SPONSORSHIP AGREEMENT'],Cap On Liability
['Sponsorship Agreement'],Non-Disparagement
['Sponsorship Agreement'],License Grant
['Sponsorship Agreement'],Non-Transferable License
['Sponsorship Agreement'],Insurance
['SPONSORSHIP AGREEMENT'],Anti-Assignment
['SPONSORSHIP AGREEMENT'],License Grant
['SPONSORSHIP AGREEMENT'],Uncapped Liability
['SPONSORSHIP AGREEMENT'],Cap On Liability
['OUTSOURCING AGREEMENT'],Termination For Convenience
['OUTSOURCING AGREEMENT'],Anti-Assignment
['OUTSOURCING AGREEMENT'],Minimum Commitment
['OUTSOURCING AGREEMENT'],Ip Ownership Assignment
['OUTSOURCING AGREEMENT'],License Grant
['OUTSOURCING AGREEMENT'],Post-Termination Services
['OUTSOURCING AGREEMENT'],Audit Rights
['OUTSOURCING AGREEMENT'],Insurance
['OUTSOURCING AGREEMENT'],Third Party Beneficiary
['Outsourcing Agreement'],Anti-Assignment
['Outsourcing Agreement'],Price Restrictions
['Outsourcing Agreement'],Minimum Commitment
['Outsourcing Agreement'],Volume Restriction
['Outsourcing Agreement'],License Grant
['Outsourcing Agreement'],Post-Termination Services
['Outsourcing Agreement'],Uncapped Liability
['Outsourcing Agreement'],Cap On Liability
['Outsourcing Agreement'],Liquidated Damages
['Outsourcing Agreement'],Insurance
['Services Outsourcing Agreement'],Termination For Convenience
['Services Outsourcing Agreement'],Anti-Assignment
['Services Outsourcing Agreement'],Revenue/Profit Sharing
['Services Outsourcing Agreement'],License Grant
['Services Outsourcing Agreement'],Non-Transferable License
['Services Outsourcing Agreement'],Affiliate License-Licensor
['Services Outsourcing Agreement'],Post-Termination Services
['Services Outsourcing Agreement'],Audit Rights
['Services Outsourcing Agreement'],Liquidated Damages
['Services Outsourcing Agreement'],Insurance
['Network Management Outsourcing Agreement'],Termination For Convenience
['Network Management Outsourcing Agreement'],Change Of Control
['Network Management Outsourcing Agreement'],Anti-Assignment
['Network Management Outsourcing Agreement'],Price Restrictions
['Network Management Outsourcing Agreement'],Audit Rights
['Network Management Outsourcing Agreement'],Liquidated Damages
['Network Management Outsourcing Agreement'],Insurance
['MANUFACTURING OUTSOURCING AGREEMENT'],Termination For Convenience
['MANUFACTURING OUTSOURCING AGREEMENT'],Anti-Assignment
['MANUFACTURING OUTSOURCING AGREEMENT'],Revenue/Profit Sharing
['MANUFACTURING OUTSOURCING AGREEMENT'],Irrevocable Or Perpetual License
['MANUFACTURING OUTSOURCING AGREEMENT'],Audit Rights
['MANUFACTURING OUTSOURCING AGREEMENT'],Cap On Liability
['MANUFACTURING OUTSOURCING AGREEMENT'],Liquidated Damages
['MANUFACTURING OUTSOURCING AGREEMENT'],Warranty Duration
['MANUFACTURING OUTSOURCING AGREEMENT'],Insurance
['OUTSOURCING AGREEMENT'],Exclusivity
['OUTSOURCING AGREEMENT'],Anti-Assignment
['OUTSOURCING AGREEMENT'],Revenue/Profit Sharing
['OUTSOURCING AGREEMENT'],Audit Rights
['Outsourcing Agreement'],Termination For Convenience
['Outsourcing Agreement'],Change Of Control
['Outsourcing Agreement'],Anti-Assignment
['Outsourcing Agreement'],Minimum Commitment
['Outsourcing Agreement'],License Grant
['Outsourcing Agreement'],Non-Transferable License
['Outsourcing Agreement'],Source Code Escrow
['Outsourcing Agreement'],Post-Termination Services
['Outsourcing Agreement'],Audit Rights
['Outsourcing Agreement'],Cap On Liability
['Outsourcing Agreement'],Liquidated Damages
['Outsourcing Agreement'],Insurance
['TECHNOLOGY OUTSOURCING AGREEMENT'],Exclusivity
['TECHNOLOGY OUTSOURCING AGREEMENT'],No-Solicit Of Employees
['TECHNOLOGY OUTSOURCING AGREEMENT'],Termination For Convenience
['TECHNOLOGY OUTSOURCING AGREEMENT'],Change Of Control
['TECHNOLOGY OUTSOURCING AGREEMENT'],Anti-Assignment
['TECHNOLOGY OUTSOURCING AGREEMENT'],Minimum Commitment
['TECHNOLOGY OUTSOURCING AGREEMENT'],License Grant
['TECHNOLOGY OUTSOURCING AGREEMENT'],Non-Transferable License
['TECHNOLOGY OUTSOURCING AGREEMENT'],Post-Termination Services
['TECHNOLOGY OUTSOURCING AGREEMENT'],Audit Rights
['TECHNOLOGY OUTSOURCING AGREEMENT'],Cap On Liability
['TECHNOLOGY OUTSOURCING AGREEMENT'],Liquidated Damages
['TECHNOLOGY OUTSOURCING AGREEMENT'],Insurance
['OUTSOURCING AGREEMENT'],Termination For Convenience
['OUTSOURCING AGREEMENT'],Cap On Liability
['OUTSOURCING AGREEMENT'],Warranty Duration
['OUTSOURCING AGREEMENT'],Insurance
['PHOTO RETOUCHING OUTSOURCING AGREEMENT'],Exclusivity
['PHOTO RETOUCHING OUTSOURCING AGREEMENT'],Audit Rights
['PHOTO RETOUCHING OUTSOURCING AGREEMENT'],Cap On Liability
['Outsourcing Base Agreement'],No-Solicit Of Employees
['Outsourcing Base Agreement'],Termination For Convenience
['Outsourcing Base Agreement'],Rofr/Rofo/Rofn
['Outsourcing Base Agreement'],Change Of Control
['Outsourcing Base Agreement'],Anti-Assignment
['Outsourcing Base Agreement'],Minimum Commitment
['Outsourcing Base Agreement'],Ip Ownership Assignment
['Outsourcing Base Agreement'],Post-Termination Services
['Outsourcing Base Agreement'],Audit Rights
['Outsourcing Base Agreement'],Cap On Liability
['Outsourcing Base Agreement'],Liquidated Damages
['Outsourcing Base Agreement'],Warranty Duration
['Outsourcing Base Agreement'],Insurance
['Outsourcing Base Agreement'],Third Party Beneficiary
['OUTSOURCING AGREEMENT'],Most Favored Nation
['OUTSOURCING AGREEMENT'],Termination For Convenience
['OUTSOURCING AGREEMENT'],Anti-Assignment
['OUTSOURCING AGREEMENT'],Revenue/Profit Sharing
['OUTSOURCING AGREEMENT'],Minimum Commitment
['OUTSOURCING AGREEMENT'],Post-Termination Services
['OUTSOURCING AGREEMENT'],Audit Rights
['OUTSOURCING AGREEMENT'],Cap On Liability
['OUTSOURCING AGREEMENT'],Insurance
"['Order Form', 'ASP and Outsourcing Agreement']",Anti-Assignment
"['Order Form', 'ASP and Outsourcing Agreement']",Revenue/Profit Sharing
"['Order Form', 'ASP and Outsourcing Agreement']",Minimum Commitment
"['Order Form', 'ASP and Outsourcing Agreement']",License Grant
"['Order Form', 'ASP and Outsourcing Agreement']",Non-Transferable License
"['Order Form', 'ASP and Outsourcing Agreement']",Unlimited/All-You-Can-Eat-License
"['Order Form', 'ASP and Outsourcing Agreement']",Post-Termination Services
"['Order Form', 'ASP and Outsourcing Agreement']",Audit Rights
"['Order Form', 'ASP and Outsourcing Agreement']",Cap On Liability
"['Order Form', 'ASP and Outsourcing Agreement']",Warranty Duration
"['Order Form', 'ASP and Outsourcing Agreement']",Covenant Not To Sue
['Reseller Agreement'],Anti-Assignment
['Reseller Agreement'],Unlimited/All-You-Can-Eat-License
['Reseller Agreement'],Post-Termination Services
['Reseller Agreement'],Cap On Liability
['Reseller Agreement'],Covenant Not To Sue
['Distribution Agreement'],Competitive Restriction Exception
['Distribution Agreement'],Exclusivity
['Distribution Agreement'],Anti-Assignment
['Distribution Agreement'],Minimum Commitment
['Distribution Agreement'],Volume Restriction
['Distribution Agreement'],Post-Termination Services
['Distribution Agreement'],Audit Rights
['Distribution Agreement'],Cap On Liability
['Distribution Agreement'],Insurance
['RESELLER AGREEMENT'],Termination For Convenience
['RESELLER AGREEMENT'],Anti-Assignment
['RESELLER AGREEMENT'],License Grant
['RESELLER AGREEMENT'],Non-Transferable License
['RESELLER AGREEMENT'],Uncapped Liability
['RESELLER AGREEMENT'],Cap On Liability
['RESELLER AGREEMENT'],Non-Disparagement
['RESELLER AGREEMENT'],Termination For Convenience
['RESELLER AGREEMENT'],Anti-Assignment
['RESELLER AGREEMENT'],Revenue/Profit Sharing
['RESELLER AGREEMENT'],License Grant
['RESELLER AGREEMENT'],Audit Rights
['RESELLER AGREEMENT'],Cap On Liability
['RESELLER AGREEMENT'],Covenant Not To Sue
['GLOBAL MAINTENANCE AGREEMENT ('],Exclusivity
['GLOBAL MAINTENANCE AGREEMENT ('],Termination For Convenience
['GLOBAL MAINTENANCE AGREEMENT ('],Change Of Control
['GLOBAL MAINTENANCE AGREEMENT ('],Anti-Assignment
['GLOBAL MAINTENANCE AGREEMENT ('],Audit Rights
['GLOBAL MAINTENANCE AGREEMENT ('],Cap On Liability
['GLOBAL MAINTENANCE AGREEMENT ('],Warranty Duration
['GLOBAL MAINTENANCE AGREEMENT ('],Insurance
"['Software License, Customization and Maintenance Agreement', 'Product License Schedule']",Termination For Convenience
"['Software License, Customization and Maintenance Agreement', 'Product License Schedule']",Warranty Duration
"['Software License, Customization and Maintenance Agreement']",Termination For Convenience
"['Software License, Customization and Maintenance Agreement']",Change Of Control
"['Software License, Customization and Maintenance Agreement']",Anti-Assignment
"['Software License, Customization and Maintenance Agreement']",Volume Restriction
"['Software License, Customization and Maintenance Agreement']",Ip Ownership Assignment
"['Software License, Customization and Maintenance Agreement']",License Grant
"['Software License, Customization and Maintenance Agreement']",Non-Transferable License
"['Software License, Customization and Maintenance Agreement']",Affiliate License-Licensee
"['Software License, Customization and Maintenance Agreement']",Irrevocable Or Perpetual License
"['Software License, Customization and Maintenance Agreement']",Source Code Escrow
"['Software License, Customization and Maintenance Agreement']",Post-Termination Services
"['Software License, Customization and Maintenance Agreement']",Audit Rights
"['Software License, Customization and Maintenance Agreement']",Uncapped Liability
"['Software License, Customization and Maintenance Agreement']",Cap On Liability
"['Software License, Customization and Maintenance Agreement']",Warranty Duration
"['Software License, Customization and Maintenance Agreement']",Insurance
"['Software License, Customization and Maintenance Agreement']",Third Party Beneficiary
['AGENCY AGREEMENT'],Exclusivity
['AGENCY AGREEMENT'],Anti-Assignment
['AGENCY AGREEMENT'],Revenue/Profit Sharing
['AGENCY AGREEMENT'],Third Party Beneficiary
['Supply Agreement'],Exclusivity
['Supply Agreement'],Termination For Convenience
['Supply Agreement'],Anti-Assignment
['Supply Agreement'],Minimum Commitment
['Supply Agreement'],Volume Restriction
['Supply Agreement'],Audit Rights
['Supply Agreement'],Uncapped Liability
['Supply Agreement'],Cap On Liability
['Supply Agreement'],Warranty Duration
['Supply Agreement'],Insurance
['SUPPLY AGREEMENT'],Exclusivity
['SUPPLY AGREEMENT'],Anti-Assignment
['SUPPLY AGREEMENT'],Revenue/Profit Sharing
['SUPPLY AGREEMENT'],Minimum Commitment
['SUPPLY AGREEMENT'],Volume Restriction
['SUPPLY AGREEMENT'],Ip Ownership Assignment
['SUPPLY AGREEMENT'],Joint Ip Ownership
['SUPPLY AGREEMENT'],License Grant
['SUPPLY AGREEMENT'],Affiliate License-Licensee
['SUPPLY AGREEMENT'],Post-Termination Services
['SUPPLY AGREEMENT'],Audit Rights
['SUPPLY AGREEMENT'],Uncapped Liability
['SUPPLY AGREEMENT'],Cap On Liability
['SUPPLY AGREEMENT'],Termination For Convenience
['SUPPLY AGREEMENT'],Anti-Assignment
['SUPPLY AGREEMENT'],Minimum Commitment
['SUPPLY AGREEMENT'],Ip Ownership Assignment
['SUPPLY AGREEMENT'],License Grant
['SUPPLY AGREEMENT'],Non-Transferable License
['SUPPLY AGREEMENT'],Irrevocable Or Perpetual License
['SUPPLY AGREEMENT'],Post-Termination Services
['SUPPLY AGREEMENT'],Warranty Duration
['SUPPLY AGREEMENT'],Insurance
['SUPPLY AGREEMENT'],Termination For Convenience
['SUPPLY AGREEMENT'],Anti-Assignment
['Supply Agreement'],Termination For Convenience
['Supply Agreement'],Anti-Assignment
['Supply Agreement'],Minimum Commitment
['Supply Agreement'],License Grant
['Supply Agreement'],Non-Transferable License
['Supply Agreement'],Affiliate License-Licensee
['Supply Agreement'],Audit Rights
['Supply Agreement'],Uncapped Liability
['Supply Agreement'],Cap On Liability
['Supply Agreement'],Warranty Duration
['Supply Agreement'],Insurance
['SUPPLY AGREEMENT'],Anti-Assignment
['SUPPLY AGREEMENT'],Minimum Commitment
['SUPPLY AGREEMENT'],Volume Restriction
['SUPPLY AGREEMENT'],Audit Rights
['SUPPLY AGREEMENT'],Warranty Duration
['SUPPLY AGREEMENT'],Insurance
['TRANSPORTATION CONTRACT  GENERAL CONDITIONS'],Anti-Assignment
['TRANSPORTATION CONTRACT  GENERAL CONDITIONS'],Minimum Commitment
['TRANSPORTATION CONTRACT  GENERAL CONDITIONS'],Volume Restriction
['TRANSPORTATION CONTRACT  GENERAL CONDITIONS'],Cap On Liability
['TRANSPORTATION CONTRACT  GENERAL CONDITIONS'],Liquidated Damages
['TRANSPORTATION CONTRACT  GENERAL CONDITIONS'],Warranty Duration
['TRANSPORTATION CONTRACT  GENERAL CONDITIONS'],Insurance
['TRANSPORTATION SERVICE AGREEMENT'],Minimum Commitment
['TRANSPORTATION SERVICE AGREEMENT'],Volume Restriction
['TRANSPORTATION SERVICE AGREEMENT'],Post-Termination Services
['MARKETING AND TRANSPORTATION SERVICES AGREEMENT'],Competitive Restriction Exception
['MARKETING AND TRANSPORTATION SERVICES AGREEMENT'],Non-Compete
['MARKETING AND TRANSPORTATION SERVICES AGREEMENT'],Exclusivity
['MARKETING AND TRANSPORTATION SERVICES AGREEMENT'],No-Solicit Of Customers
['MARKETING AND TRANSPORTATION SERVICES AGREEMENT'],Termination For Convenience
['MARKETING AND TRANSPORTATION SERVICES AGREEMENT'],Change Of Control
['MARKETING AND TRANSPORTATION SERVICES AGREEMENT'],Anti-Assignment
['MARKETING AND TRANSPORTATION SERVICES AGREEMENT'],Post-Termination Services
['MARKETING AND TRANSPORTATION SERVICES AGREEMENT'],Audit Rights
['MARKETING AND TRANSPORTATION SERVICES AGREEMENT'],Cap On Liability
['MARKETING AND TRANSPORTATION SERVICES AGREEMENT'],Liquidated Damages
['MARKETING AND TRANSPORTATION SERVICES AGREEMENT'],Insurance
['TRANSPORTATION SERVICES AGREEMENT'],Most Favored Nation
['TRANSPORTATION SERVICES AGREEMENT'],Termination For Convenience
['TRANSPORTATION SERVICES AGREEMENT'],Rofr/Rofo/Rofn
['TRANSPORTATION SERVICES AGREEMENT'],Anti-Assignment
['TRANSPORTATION SERVICES AGREEMENT'],Minimum Commitment
['TRANSPORTATION SERVICES AGREEMENT'],Volume Restriction
['TRANSPORTATION SERVICES AGREEMENT'],Uncapped Liability
['TRANSPORTATION SERVICES AGREEMENT'],Cap On Liability
['TRANSPORTATION SERVICES AGREEMENT'],Liquidated Damages
['TRANSPORTATION CONTRACT'],Anti-Assignment
['TRANSPORTATION CONTRACT'],Revenue/Profit Sharing
['TRANSPORTATION CONTRACT'],Volume Restriction
['GAS TRANSPORTATION AGREEMENT'],Anti-Assignment
['GAS TRANSPORTATION AGREEMENT'],Minimum Commitment
['GAS TRANSPORTATION AGREEMENT'],Volume Restriction
['Collaboration Agreement'],Non-Compete
['Collaboration Agreement'],Exclusivity
['Collaboration Agreement'],Change Of Control
['Collaboration Agreement'],Anti-Assignment
['Collaboration Agreement'],Revenue/Profit Sharing
['Collaboration Agreement'],Ip Ownership Assignment
['Collaboration Agreement'],Joint Ip Ownership
['Collaboration Agreement'],License Grant
['Collaboration Agreement'],Irrevocable Or Perpetual License
['Collaboration Agreement'],Post-Termination Services
['Collaboration Agreement'],Audit Rights
['Collaboration Agreement'],Uncapped Liability
['Collaboration Agreement'],Cap On Liability
['Collaboration Agreement'],Covenant Not To Sue
['Cooperation Agreement'],Revenue/Profit Sharing
['Cooperation Agreement'],Minimum Commitment
['Cooperation Agreement'],Volume Restriction
['Cooperation Agreement'],Non-Compete
['Cooperation Agreement'],Change Of Control
['Cooperation Agreement'],Anti-Assignment
['Cooperation Agreement'],Revenue/Profit Sharing
['Cooperation Agreement'],Liquidated Damages
['Cooperation Agreement (2014 Amendment)'],Non-Compete
['Cooperation Agreement (2014 Amendment)'],Exclusivity
['Cooperation Agreement (2014 Amendment)'],Termination For Convenience
['Cooperation Agreement (2014 Amendment)'],Anti-Assignment
['Cooperation Agreement (2014 Amendment)'],Ip Ownership Assignment
['Cooperation Agreement (2014 Amendment)'],Cap On Liability
['Cooperation Agreement (2014 Amendment)'],Liquidated Damages
['Collaboration Agreement'],Most Favored Nation
['Collaboration Agreement'],Non-Compete
['Collaboration Agreement'],Termination For Convenience
['Collaboration Agreement'],Anti-Assignment
['Collaboration Agreement'],Post-Termination Services
['Collaboration Agreement'],Cap On Liability
['Collaboration Agreement'],Liquidated Damages
['COLLABORATION AGREEMENT'],Most Favored Nation
['COLLABORATION AGREEMENT'],Competitive Restriction Exception
['COLLABORATION AGREEMENT'],Non-Compete
['COLLABORATION AGREEMENT'],No-Solicit Of Employees
['COLLABORATION AGREEMENT'],Termination For Convenience
['COLLABORATION AGREEMENT'],Anti-Assignment
['COLLABORATION AGREEMENT'],Revenue/Profit Sharing
['COLLABORATION AGREEMENT'],Minimum Commitment
['COLLABORATION AGREEMENT'],Volume Restriction
['COLLABORATION AGREEMENT'],Ip Ownership Assignment
['COLLABORATION AGREEMENT'],License Grant
['COLLABORATION AGREEMENT'],Non-Transferable License
['COLLABORATION AGREEMENT'],Affiliate License-Licensor
['COLLABORATION AGREEMENT'],Affiliate License-Licensee
['COLLABORATION AGREEMENT'],Irrevocable Or Perpetual License
['COLLABORATION AGREEMENT'],Post-Termination Services
['COLLABORATION AGREEMENT'],Audit Rights
['COLLABORATION AGREEMENT'],Uncapped Liability
['COLLABORATION AGREEMENT'],Cap On Liability
['COLLABORATION AGREEMENT'],Liquidated Damages
['COLLABORATION AGREEMENT'],Insurance
['COLLABORATION AGREEMENT'],Third Party Beneficiary
['Intellectual Property Agreement'],Exclusivity
['Intellectual Property Agreement'],Revenue/Profit Sharing
['Intellectual Property Agreement'],License Grant
['Intellectual Property Agreement'],Affiliate License-Licensee
['Promotion Agreement'],Change Of Control
['Promotion Agreement'],Anti-Assignment
['Promotion Agreement'],Revenue/Profit Sharing
['Promotion Agreement'],Ip Ownership Assignment
['Promotion Agreement'],Post-Termination Services
['Promotion Agreement'],Audit Rights
['Promotion Agreement'],Cap On Liability
['Promotion Agreement'],Liquidated Damages
['PROMOTION AGREEMENT'],Most Favored Nation
['PROMOTION AGREEMENT'],Competitive Restriction Exception
['PROMOTION AGREEMENT'],Exclusivity
['PROMOTION AGREEMENT'],Change Of Control
['PROMOTION AGREEMENT'],Anti-Assignment
['PROMOTION AGREEMENT'],Revenue/Profit Sharing
['PROMOTION AGREEMENT'],Volume Restriction
['PROMOTION AGREEMENT'],License Grant
['PROMOTION AGREEMENT'],Insurance
['PROMOTION AGREEMENT'],Exclusivity
['PROMOTION AGREEMENT'],Anti-Assignment
['PROMOTION AGREEMENT'],Volume Restriction
['Promotion and Distribution Agreement'],Change Of Control
['Promotion and Distribution Agreement'],Anti-Assignment
['Promotion and Distribution Agreement'],License Grant
['Promotion and Distribution Agreement'],Audit Rights
['Promotion and Distribution Agreement'],Uncapped Liability
['Promotion and Distribution Agreement'],Cap On Liability
['Promotion and Distribution Agreement'],Warranty Duration
['Promotion Agreement'],Exclusivity
['Promotion Agreement'],Revenue/Profit Sharing
['Promotion Agreement'],Minimum Commitment
['Promotion Agreement'],Volume Restriction
['Promotion Agreement'],Audit Rights
['Promotion Agreement'],Cap On Liability
['Promotion Agreement'],Covenant Not To Sue
['JOINT VENTURE AGREEMENT'],Anti-Assignment
['JOINT VENTURE AGREEMENT'],Revenue/Profit Sharing
['JOINT VENTURE AGREEMENT'],Audit Rights
['Strategic Alliance Agreement'],Anti-Assignment
['Strategic Alliance Agreement'],Termination For Convenience
['Strategic Alliance Agreement'],Anti-Assignment
['Strategic Alliance Agreement'],Revenue/Profit Sharing
['Strategic Alliance Agreement'],Minimum Commitment
['STRATEGIC ALLIANCE AGREEMENT'],Rofr/Rofo/Rofn
['STRATEGIC ALLIANCE AGREEMENT'],Cap On Liability
['Cooperation Agreement'],Non-Disparagement
['Cooperation Agreement'],Anti-Assignment
['COLLABORATION AGREEMENT'],Competitive Restriction Exception
['COLLABORATION AGREEMENT'],Exclusivity
['COLLABORATION AGREEMENT'],Rofr/Rofo/Rofn
['COLLABORATION AGREEMENT'],Anti-Assignment
['COLLABORATION AGREEMENT'],Ip Ownership Assignment
['COLLABORATION AGREEMENT'],Joint Ip Ownership
['COLLABORATION AGREEMENT'],License Grant
['COLLABORATION AGREEMENT'],Non-Transferable License
['COLLABORATION AGREEMENT'],Affiliate License-Licensee
['COLLABORATION AGREEMENT'],Irrevocable Or Perpetual License
['COLLABORATION AGREEMENT'],Uncapped Liability
['COLLABORATION AGREEMENT'],Cap On Liability
['COLLABORATION AGREEMENT'],Warranty Duration
['COLLABORATION AGREEMENT'],Insurance
['PROMOTION AGREEMENT'],Non-Compete
['PROMOTION AGREEMENT'],No-Solicit Of Employees
['PROMOTION AGREEMENT'],Rofr/Rofo/Rofn
['PROMOTION AGREEMENT'],Change Of Control
['PROMOTION AGREEMENT'],Anti-Assignment
['PROMOTION AGREEMENT'],Revenue/Profit Sharing
['PROMOTION AGREEMENT'],Minimum Commitment
['PROMOTION AGREEMENT'],Ip Ownership Assignment
['PROMOTION AGREEMENT'],License Grant
['PROMOTION AGREEMENT'],Post-Termination Services
['PROMOTION AGREEMENT'],Audit Rights
['PROMOTION AGREEMENT'],Uncapped Liability
['PROMOTION AGREEMENT'],Cap On Liability
['PROMOTION AGREEMENT'],Insurance
['PROMOTION AGREEMENT'],Covenant Not To Sue
['Joint Venture Agreement'],Most Favored Nation
['Joint Venture Agreement'],Competitive Restriction Exception
['Joint Venture Agreement'],Non-Compete
['Joint Venture Agreement'],Exclusivity
['Joint Venture Agreement'],Rofr/Rofo/Rofn
['Joint Venture Agreement'],Anti-Assignment
['Joint Venture Agreement'],Minimum Commitment
['Joint Venture Agreement'],Ip Ownership Assignment
['Joint Venture Agreement'],Audit Rights
['Joint Venture Agreement'],Third Party Beneficiary
['JOINT VENTURE AGREEMEN'],Non-Compete
['JOINT VENTURE AGREEMEN'],Termination For Convenience
['JOINT VENTURE AGREEMEN'],Anti-Assignment
['JOINT VENTURE AGREEMEN'],Post-Termination Services
['JOINT VENTURE AGREEMEN'],Audit Rights
['JOINT VENTURE AGREEMEN'],Cap On Liability
['JOINT VENTURE AGREEMEN'],Insurance
['Promotion Agreement'],Competitive Restriction Exception
['Promotion Agreement'],Non-Compete
['Promotion Agreement'],Termination For Convenience
['Promotion Agreement'],Anti-Assignment
['Promotion Agreement'],Revenue/Profit Sharing
['Promotion Agreement'],Minimum Commitment
['Promotion Agreement'],License Grant
['Promotion Agreement'],Audit Rights
['Promotion Agreement'],Cap On Liability
['PROMOTION AGREEMENT'],Non-Compete
['PROMOTION AGREEMENT'],Exclusivity
['PROMOTION AGREEMENT'],Rofr/Rofo/Rofn
['PROMOTION AGREEMENT'],Anti-Assignment
['PROMOTION AGREEMENT'],Revenue/Profit Sharing
['PROMOTION AGREEMENT'],Minimum Commitment
['PROMOTION AGREEMENT'],License Grant
['PROMOTION AGREEMENT'],Non-Transferable License
['PROMOTION AGREEMENT'],Affiliate License-Licensee
['PROMOTION AGREEMENT'],Post-Termination Services
['PROMOTION AGREEMENT'],Audit Rights
['PROMOTION AGREEMENT'],Cap On Liability
['PROMOTION AGREEMENT'],Insurance
['PROMOTION AGREEMENT'],Covenant Not To Sue
['INTELLECTUAL PROPERTY AGREEMENT'],Ip Ownership Assignment
['INTELLECTUAL PROPERTY AGREEMENT'],Affiliate License-Licensee
['INTELLECTUAL PROPERTY AGREEMENT'],Post-Termination Services
['INTELLECTUAL PROPERTY AGREEMENT'],Covenant Not To Sue
['INTELLECTUAL PROPERTY AGREEMENT'],Termination For Convenience
['INTELLECTUAL PROPERTY AGREEMENT'],Change Of Control
['INTELLECTUAL PROPERTY AGREEMENT'],Ip Ownership Assignment
['INTELLECTUAL PROPERTY AGREEMENT'],License Grant
['INTELLECTUAL PROPERTY AGREEMENT'],Non-Transferable License
['INTELLECTUAL PROPERTY AGREEMENT'],Affiliate License-Licensor
['INTELLECTUAL PROPERTY AGREEMENT'],Affiliate License-Licensee
['INTELLECTUAL PROPERTY AGREEMENT'],Irrevocable Or Perpetual License
['INTELLECTUAL PROPERTY AGREEMENT'],Post-Termination Services
['INTELLECTUAL PROPERTY AGREEMENT'],Covenant Not To Sue
['INTELLECTUAL PROPERTY AGREEMENT'],Exclusivity
['INTELLECTUAL PROPERTY AGREEMENT'],Rofr/Rofo/Rofn
['INTELLECTUAL PROPERTY AGREEMENT'],Change Of Control
['INTELLECTUAL PROPERTY AGREEMENT'],Anti-Assignment
['INTELLECTUAL PROPERTY AGREEMENT'],Ip Ownership Assignment
['INTELLECTUAL PROPERTY AGREEMENT'],License Grant
['INTELLECTUAL PROPERTY AGREEMENT'],Affiliate License-Licensor
['INTELLECTUAL PROPERTY AGREEMENT'],Affiliate License-Licensee
['INTELLECTUAL PROPERTY AGREEMENT'],Unlimited/All-You-Can-Eat-License
['INTELLECTUAL PROPERTY AGREEMENT'],Irrevocable Or Perpetual License
['INTELLECTUAL PROPERTY AGREEMENT'],Post-Termination Services
['INTELLECTUAL PROPERTY AGREEMENT'],Covenant Not To Sue
['CO-BRANDING AGREEMENT'],Anti-Assignment
['CO-BRANDING AGREEMENT'],License Grant
['CO-BRANDING AGREEMENT'],Cap On Liability
['MASTER FRANCHISE AGREEMENT'],Competitive Restriction Exception
['MASTER FRANCHISE AGREEMENT'],Non-Compete
['MASTER FRANCHISE AGREEMENT'],Exclusivity
['MASTER FRANCHISE AGREEMENT'],No-Solicit Of Customers
['MASTER FRANCHISE AGREEMENT'],No-Solicit Of Employees
['MASTER FRANCHISE AGREEMENT'],Non-Disparagement
['MASTER FRANCHISE AGREEMENT'],Rofr/Rofo/Rofn
['MASTER FRANCHISE AGREEMENT'],Change Of Control
['MASTER FRANCHISE AGREEMENT'],Anti-Assignment
['MASTER FRANCHISE AGREEMENT'],Revenue/Profit Sharing
['MASTER FRANCHISE AGREEMENT'],Minimum Commitment
['MASTER FRANCHISE AGREEMENT'],Volume Restriction
['MASTER FRANCHISE AGREEMENT'],Ip Ownership Assignment
['MASTER FRANCHISE AGREEMENT'],License Grant
['MASTER FRANCHISE AGREEMENT'],Post-Termination Services
['MASTER FRANCHISE AGREEMENT'],Audit Rights
['MASTER FRANCHISE AGREEMENT'],Cap On Liability
['MASTER FRANCHISE AGREEMENT'],Liquidated Damages
['MASTER FRANCHISE AGREEMENT'],Insurance
['MASTER FRANCHISE AGREEMENT'],Covenant Not To Sue
['MASTER FRANCHISE AGREEMENT'],Third Party Beneficiary
['SERVICES AGREEMENT'],Anti-Assignment
['SERVICES AGREEMENT'],Audit Rights
['SERVICES AGREEMENT'],Cap On Liability
['LIMITED POWER OF ATTORNEY'],Anti-Assignment
['NON COMPETITION AGREEMENT AND RIGHT OF FIRST OFFER'],Non-Compete
['NON COMPETITION AGREEMENT AND RIGHT OF FIRST OFFER'],Rofr/Rofo/Rofn
"['COLLABORATION AGREEMENT (""']",Exclusivity
"['COLLABORATION AGREEMENT (""']",Change Of Control
"['COLLABORATION AGREEMENT (""']",Anti-Assignment
"['COLLABORATION AGREEMENT (""']",Revenue/Profit Sharing
"['COLLABORATION AGREEMENT (""']",Minimum Commitment
"['COLLABORATION AGREEMENT (""']",Ip Ownership Assignment
"['COLLABORATION AGREEMENT (""']",Joint Ip Ownership
"['COLLABORATION AGREEMENT (""']",License Grant
"['COLLABORATION AGREEMENT (""']",Post-Termination Services
"['COLLABORATION AGREEMENT (""']",Audit Rights
"['COLLABORATION AGREEMENT (""']",Cap On Liability
"['COLLABORATION AGREEMENT (""']",Insurance
['Collaboration Agreement'],Most Favored Nation
['Collaboration Agreement'],Exclusivity
['Collaboration Agreement'],Termination For Convenience
['Collaboration Agreement'],Anti-Assignment
['Collaboration Agreement'],Minimum Commitment
['Collaboration Agreement'],Ip Ownership Assignment
['Collaboration Agreement'],Joint Ip Ownership
['Collaboration Agreement'],License Grant
['Collaboration Agreement'],Affiliate License-Licensee
['Collaboration Agreement'],Irrevocable Or Perpetual License
['Collaboration Agreement'],Post-Termination Services
['Collaboration Agreement'],Audit Rights
['Collaboration Agreement'],Cap On Liability
['JOINT VENTURE AGREEMENT'],Anti-Assignment
['JOINT VENTURE AGREEMENT'],Revenue/Profit Sharing
['JOINT VENTURE AGREEMENT'],Minimum Commitment
['JOINT VENTURE AGREEMENT'],Rofr/Rofo/Rofn
['JOINT VENTURE AGREEMENT'],Change Of Control
['JOINT VENTURE AGREEMENT'],Anti-Assignment
['JOINT VENTURE AGREEMENT'],Ip Ownership Assignment
['JOINT VENTURE AGREEMENT'],Audit Rights
['JOINT VENTURE CONTRACT'],Non-Compete
['JOINT VENTURE CONTRACT'],Anti-Assignment
['JOINT VENTURE CONTRACT'],Revenue/Profit Sharing
['JOINT VENTURE CONTRACT'],Minimum Commitment
['JOINT VENTURE CONTRACT'],License Grant
['JOINT VENTURE CONTRACT'],Audit Rights
['JOINT VENTURE CONTRACT'],Insurance
['NON-COMPETITION AND NON-SOLICITATION AGREEMENT'],Competitive Restriction Exception
['NON-COMPETITION AND NON-SOLICITATION AGREEMENT'],Non-Compete
['NON-COMPETITION AND NON-SOLICITATION AGREEMENT'],No-Solicit Of Employees
['NON-COMPETITION AND NON-SOLICITATION AGREEMENT'],Anti-Assignment
['NON-COMPETITION AND NON-SOLICITATION AGREEMENT'],Revenue/Profit Sharing
['STRATEGIC ALLIANCE AGREEMENT'],Competitive Restriction Exception
['STRATEGIC ALLIANCE AGREEMENT'],Non-Compete
['STRATEGIC ALLIANCE AGREEMENT'],No-Solicit Of Customers
['STRATEGIC ALLIANCE AGREEMENT'],No-Solicit Of Employees
['STRATEGIC ALLIANCE AGREEMENT'],Termination For Convenience
['STRATEGIC ALLIANCE AGREEMENT'],Rofr/Rofo/Rofn
['STRATEGIC ALLIANCE AGREEMENT'],Change Of Control
['STRATEGIC ALLIANCE AGREEMENT'],Anti-Assignment
['STRATEGIC ALLIANCE AGREEMENT'],Revenue/Profit Sharing
['STRATEGIC ALLIANCE AGREEMENT'],Non-Transferable License
['STRATEGIC ALLIANCE AGREEMENT'],Audit Rights
['STRATEGIC ALLIANCE AGREEMENT'],Cap On Liability
['STRATEGIC ALLIANCE AGREEMENT'],Third Party Beneficiary
['STRATEGIC ALLIANCE AGREEMENT'],Competitive Restriction Exception
['STRATEGIC ALLIANCE AGREEMENT'],Non-Compete
['STRATEGIC ALLIANCE AGREEMENT'],Exclusivity
['STRATEGIC ALLIANCE AGREEMENT'],No-Solicit Of Customers
['STRATEGIC ALLIANCE AGREEMENT'],No-Solicit Of Employees
['STRATEGIC ALLIANCE AGREEMENT'],Termination For Convenience
['STRATEGIC ALLIANCE AGREEMENT'],Rofr/Rofo/Rofn
['STRATEGIC ALLIANCE AGREEMENT'],Change Of Control
['STRATEGIC ALLIANCE AGREEMENT'],Anti-Assignment
['STRATEGIC ALLIANCE AGREEMENT'],Revenue/Profit Sharing
['STRATEGIC ALLIANCE AGREEMENT'],Minimum Commitment
['STRATEGIC ALLIANCE AGREEMENT'],Ip Ownership Assignment
['STRATEGIC ALLIANCE AGREEMENT'],License Grant
['STRATEGIC ALLIANCE AGREEMENT'],Non-Transferable License
['STRATEGIC ALLIANCE AGREEMENT'],Affiliate License-Licensor
['STRATEGIC ALLIANCE AGREEMENT'],Affiliate License-Licensee
['STRATEGIC ALLIANCE AGREEMENT'],Irrevocable Or Perpetual License
['STRATEGIC ALLIANCE AGREEMENT'],Source Code Escrow
['STRATEGIC ALLIANCE AGREEMENT'],Post-Termination Services
['STRATEGIC ALLIANCE AGREEMENT'],Audit Rights
['STRATEGIC ALLIANCE AGREEMENT'],Uncapped Liability
['STRATEGIC ALLIANCE AGREEMENT'],Cap On Liability
['STRATEGIC ALLIANCE AGREEMENT'],Warranty Duration
['STRATEGIC ALLIANCE AGREEMENT'],Insurance
['JOINT VENTURE AGREEMENT'],Anti-Assignment
['JOINT VENTURE AGREEMENT'],Audit Rights
['JOINT VENTURE AGREEMENT'],Insurance
['JOINT VENTURE AGREEMENT'],Exclusivity
['JOINT VENTURE AGREEMENT'],Change Of Control
['JOINT VENTURE AGREEMENT'],Anti-Assignment
['JOINT VENTURE AGREEMENT'],Revenue/Profit Sharing
['JOINT VENTURE AGREEMENT'],Ip Ownership Assignment
['JOINT VENTURE AGREEMENT'],Joint Ip Ownership
['JOINT VENTURE AGREEMENT'],License Grant
['JOINT VENTURE AGREEMENT'],Post-Termination Services
['JOINT VENTURE AGREEMENT'],Insurance
['JOINT VENTURE AGREEMENT'],Non-Compete
['JOINT VENTURE AGREEMENT'],Exclusivity
['JOINT VENTURE AGREEMENT'],Rofr/Rofo/Rofn
['JOINT VENTURE AGREEMENT'],Minimum Commitment
['JOINT VENTURE AGREEMENT'],Post-Termination Services
['JOINT VENTURE AGREEMENT'],Audit Rights
['AGENCY AGREEMENT'],Termination For Convenience
['AGENCY AGREEMENT'],Revenue/Profit Sharing
['AGENCY AGREEMENT'],Minimum Commitment
['AGENCY AGREEMENT'],Cap On Liability
['AGENCY AGREEMENT'],Liquidated Damages
['AGENCY AGREEMENT'],Insurance
['AGENCY AGREEMENT'],Revenue/Profit Sharing
['AGENCY AGREEMENT'],Minimum Commitment
['AGENCY AGREEMENT'],Post-Termination Services
['AGENCY AGREEMENT'],Cap On Liability
['AGENCY AGREEMENT'],Insurance
['AGENCY AGREEMENT'],Termination For Convenience
['AGENCY AGREEMENT'],License Grant
['AGENCY AGREEMENT'],Affiliate License-Licensee
['AGENCY AGREEMENT'],Audit Rights
['AGENCY AGREEMENT'],Rofr/Rofo/Rofn
['AGENCY AGREEMENT'],Revenue/Profit Sharing
['AGENCY AGREEMENT'],Minimum Commitment
['AGENCY AGREEMENT'],Post-Termination Services
['AGENCY AGREEMENT'],Insurance
['AGENCY AGREEMENT'],Non-Compete
['AGENCY AGREEMENT'],Exclusivity
['AGENCY AGREEMENT'],No-Solicit Of Customers
['AGENCY AGREEMENT'],Anti-Assignment
['AGENCY AGREEMENT'],Revenue/Profit Sharing
['AGENCY AGREEMENT'],Post-Termination Services
['AGENCY AGREEMENT'],Insurance
['AGENCY AGREEMENT'],Revenue/Profit Sharing
['AGENCY AGREEMENT'],Minimum Commitment
['AGENCY AGREEMENT'],No-Solicit Of Customers
['AGENCY AGREEMENT'],Termination For Convenience
['AGENCY AGREEMENT'],Change Of Control
['AGENCY AGREEMENT'],Anti-Assignment
['AGENCY AGREEMENT'],Revenue/Profit Sharing
['AGENCY AGREEMENT'],Minimum Commitment
['AGENCY AGREEMENT'],Audit Rights
['AGENCY AGREEMENT'],Cap On Liability
['AGENCY AGREEMENT'],Warranty Duration
['AGENCY AGREEMENT'],Insurance
['AGENCY AGREEMENT'],Exclusivity
['AGENCY AGREEMENT'],Revenue/Profit Sharing
['AGENCY AGREEMENT'],Minimum Commitment
['AGENCY AGREEMENT'],Cap On Liability
['AGENCY AGREEMENT'],Insurance
['AGENCY AGREEMENT'],Termination For Convenience
['AGENCY AGREEMENT'],Revenue/Profit Sharing
['AGENCY AGREEMENT'],Cap On Liability
['AGENCY AGREEMENT'],Insurance
['STRATEGIC ALLIANCE AGREEMENT'],Most Favored Nation
['STRATEGIC ALLIANCE AGREEMENT'],Competitive Restriction Exception
['STRATEGIC ALLIANCE AGREEMENT'],Non-Compete
['STRATEGIC ALLIANCE AGREEMENT'],Exclusivity
['STRATEGIC ALLIANCE AGREEMENT'],Termination For Convenience
['STRATEGIC ALLIANCE AGREEMENT'],Change Of Control
['STRATEGIC ALLIANCE AGREEMENT'],Anti-Assignment
['STRATEGIC ALLIANCE AGREEMENT'],Minimum Commitment
['STRATEGIC ALLIANCE AGREEMENT'],Volume Restriction
['STRATEGIC ALLIANCE AGREEMENT'],License Grant
['STRATEGIC ALLIANCE AGREEMENT'],Post-Termination Services
['STRATEGIC ALLIANCE AGREEMENT'],Audit Rights
['STRATEGIC ALLIANCE AGREEMENT'],Cap On Liability
['STRATEGIC ALLIANCE AGREEMENT'],Warranty Duration
['STRATEGIC ALLIANCE AGREEMENT'],Insurance
['STRATEGIC ALLIANCE AGREEMENT'],Covenant Not To Sue
['Strategic Alliance Agreement'],Anti-Assignment
['STRATEGIC ALLIANCE AGREEMENT'],Exclusivity
['STRATEGIC ALLIANCE AGREEMENT'],Termination For Convenience
['STRATEGIC ALLIANCE AGREEMENT'],Rofr/Rofo/Rofn
['STRATEGIC ALLIANCE AGREEMENT'],Anti-Assignment
['STRATEGIC ALLIANCE AGREEMENT'],Minimum Commitment
['STRATEGIC ALLIANCE AGREEMENT'],Joint Ip Ownership
['STRATEGIC ALLIANCE AGREEMENT'],License Grant
['STRATEGIC ALLIANCE AGREEMENT'],Irrevocable Or Perpetual License
['STRATEGIC ALLIANCE AGREEMENT'],Post-Termination Services
['STRATEGIC ALLIANCE AGREEMENT'],Audit Rights
['STRATEGIC ALLIANCE AGREEMENT'],Cap On Liability
['STRATEGIC ALLIANCE AGREEMENT'],Insurance
['Strategic Alliance Agreement'],No-Solicit Of Employees
['Strategic Alliance Agreement'],Termination For Convenience
['Strategic Alliance Agreement'],Anti-Assignment
['Strategic Alliance Agreement'],Competitive Restriction Exception
['Strategic Alliance Agreement'],Non-Compete
['Strategic Alliance Agreement'],Exclusivity
['Strategic Alliance Agreement'],No-Solicit Of Employees
['Strategic Alliance Agreement'],Anti-Assignment
['Strategic Alliance Agreement'],Revenue/Profit Sharing
['Strategic Alliance Agreement'],Ip Ownership Assignment
['Strategic Alliance Agreement'],License Grant
['Strategic Alliance Agreement'],Non-Transferable License
['Strategic Alliance Agreement'],Post-Termination Services
['Strategic Alliance Agreement'],Uncapped Liability
['Strategic Alliance Agreement'],Cap On Liability
['Strategic Alliance Agreement'],Covenant Not To Sue
['Strategic Alliance Agreement'],Third Party Beneficiary
['STRATEGIC ALLIANCE AGREEMENT'],Most Favored Nation
['STRATEGIC ALLIANCE AGREEMENT'],Anti-Assignment
['STRATEGIC ALLIANCE AGREEMENT'],License Grant
['STRATEGIC ALLIANCE AGREEMENT'],Non-Transferable License
['STRATEGIC ALLIANCE AGREEMENT'],Affiliate License-Licensor
['STRATEGIC ALLIANCE AGREEMENT'],Affiliate License-Licensee
['STRATEGIC ALLIANCE AGREEMENT'],Unlimited/All-You-Can-Eat-License
['STRATEGIC ALLIANCE AGREEMENT'],Irrevocable Or Perpetual License
['STRATEGIC ALLIANCE AGREEMENT'],Uncapped Liability
['STRATEGIC ALLIANCE AGREEMENT'],Cap On Liability
['STRATEGIC ALLIANCE AGREEMENT'],Covenant Not To Sue
['STRATEGIC ALLIANCE AGREEMENT'],No-Solicit Of Employees
['STRATEGIC ALLIANCE AGREEMENT'],Termination For Convenience
['STRATEGIC ALLIANCE AGREEMENT'],Anti-Assignment
['STRATEGIC ALLIANCE AGREEMENT'],Post-Termination Services
['STRATEGIC ALLIANCE AGREEMENT'],Audit Rights
['STRATEGIC ALLIANCE AGREEMENT'],Liquidated Damages
['STRATEGIC ALLIANCE AGREEMENT'],Warranty Duration
['STRATEGIC ALLIANCE AGREEMENT'],Insurance
['Strategic Alliance Agreement'],No-Solicit Of Customers
['Strategic Alliance Agreement'],No-Solicit Of Employees
['Strategic Alliance Agreement'],Anti-Assignment
['Strategic Alliance Agreement'],Ip Ownership Assignment
['STRATEGIC ALLIANCE AGREEMENT'],Most Favored Nation
['STRATEGIC ALLIANCE AGREEMENT'],Exclusivity
['STRATEGIC ALLIANCE AGREEMENT'],Rofr/Rofo/Rofn
['STRATEGIC ALLIANCE AGREEMENT'],Anti-Assignment
['STRATEGIC ALLIANCE AGREEMENT'],Minimum Commitment
['STRATEGIC ALLIANCE AGREEMENT'],Audit Rights
['STRATEGIC ALLIANCE AGREEMENT'],Insurance
['Strategic Alliance Agreement'],Termination For Convenience
['Strategic Alliance Agreement'],Anti-Assignment
['Strategic Alliance Agreement'],Revenue/Profit Sharing
['Strategic Alliance Agreement'],Post-Termination Services
['Strategic Alliance Agreement'],Audit Rights
['Strategic Alliance Agreement'],Cap On Liability
['Strategic Alliance Agreement'],Termination For Convenience
['Strategic Alliance Agreement'],Anti-Assignment
['Strategic Alliance Agreement'],Revenue/Profit Sharing
['Strategic Alliance Agreement'],Minimum Commitment
['Strategic Alliance Agreement'],Competitive Restriction Exception
['Strategic Alliance Agreement'],Exclusivity
['Strategic Alliance Agreement'],Termination For Convenience
['Strategic Alliance Agreement'],Anti-Assignment
['Strategic Alliance Agreement'],Revenue/Profit Sharing
['Strategic Alliance Agreement'],Minimum Commitment
['Strategic Alliance Agreement'],License Grant
['Strategic Alliance Agreement'],Post-Termination Services
['Strategic Alliance Agreement'],Audit Rights
['Strategic Alliance Agreement'],Cap On Liability
['STRATEGIC ALLIANCE AGREEMENT'],Exclusivity
['STRATEGIC ALLIANCE AGREEMENT'],Anti-Assignment
['STRATEGIC ALLIANCE AGREEMENT'],Minimum Commitment
['STRATEGIC ALLIANCE AGREEMENT'],Ip Ownership Assignment
['STRATEGIC ALLIANCE AGREEMENT'],License Grant
['STRATEGIC ALLIANCE AGREEMENT'],Irrevocable Or Perpetual License
['STRATEGIC ALLIANCE AGREEMENT'],Audit Rights
['STRATEGIC ALLIANCE AGREEMENT'],Uncapped Liability
['STRATEGIC ALLIANCE AGREEMENT'],Cap On Liability
"[""STRATEGIC' ALLIANCE AGREEMENT (""]",Termination For Convenience
"[""STRATEGIC' ALLIANCE AGREEMENT (""]",Anti-Assignment
['Strategic Alliance Agreement'],Non-Compete
['Strategic Alliance Agreement'],No-Solicit Of Employees
['Strategic Alliance Agreement'],Termination For Convenience
['Strategic Alliance Agreement'],Rofr/Rofo/Rofn
['Strategic Alliance Agreement'],Anti-Assignment
['Strategic Alliance Agreement'],Revenue/Profit Sharing
['Strategic Alliance Agreement'],Non-Compete
['Strategic Alliance Agreement'],No-Solicit Of Employees
['Strategic Alliance Agreement'],Termination For Convenience
['Strategic Alliance Agreement'],Rofr/Rofo/Rofn
['Strategic Alliance Agreement'],Anti-Assignment
['Strategic Alliance Agreement'],Revenue/Profit Sharing
['Strategic Alliance Agreement'],Third Party Beneficiary
['STRATEGIC ALLIANCE AGREEMENT'],No-Solicit Of Customers
['STRATEGIC ALLIANCE AGREEMENT'],No-Solicit Of Employees
['STRATEGIC ALLIANCE AGREEMENT'],Termination For Convenience
['STRATEGIC ALLIANCE AGREEMENT'],Change Of Control
['STRATEGIC ALLIANCE AGREEMENT'],Anti-Assignment
['STRATEGIC ALLIANCE AGREEMENT'],License Grant
['STRATEGIC ALLIANCE AGREEMENT'],Audit Rights
['STRATEGIC ALLIANCE AGREEMENT'],Cap On Liability
['STRATEGIC ALLIANCE AGREEMENT'],Covenant Not To Sue
['STRATEGIC ALLIANCE AGREEMENT'],No-Solicit Of Employees
['STRATEGIC ALLIANCE AGREEMENT'],Termination For Convenience
['STRATEGIC ALLIANCE AGREEMENT'],Anti-Assignment
['STRATEGIC ALLIANCE AGREEMENT'],License Grant
['STRATEGIC ALLIANCE AGREEMENT'],Non-Transferable License
['STRATEGIC ALLIANCE AGREEMENT'],Affiliate License-Licensee
['STRATEGIC ALLIANCE AGREEMENT'],Irrevocable Or Perpetual License
['STRATEGIC ALLIANCE AGREEMENT'],Post-Termination Services
['STRATEGIC ALLIANCE AGREEMENT'],Audit Rights
['STRATEGIC ALLIANCE AGREEMENT'],Uncapped Liability
['STRATEGIC ALLIANCE AGREEMENT'],Cap On Liability
['STRATEGIC ALLIANCE AGREEMENT'],Insurance
['Strategic Alliance Agreement'],Exclusivity
['Strategic Alliance Agreement'],No-Solicit Of Employees
['Strategic Alliance Agreement'],Termination For Convenience
['Strategic Alliance Agreement'],Anti-Assignment
['STRATEGIC ALLIANCE AGREEMENT'],Non-Compete
['STRATEGIC ALLIANCE AGREEMENT'],Exclusivity
['STRATEGIC ALLIANCE AGREEMENT'],No-Solicit Of Customers
['STRATEGIC ALLIANCE AGREEMENT'],Non-Disparagement
['STRATEGIC ALLIANCE AGREEMENT'],Change Of Control
['STRATEGIC ALLIANCE AGREEMENT'],Anti-Assignment
['STRATEGIC ALLIANCE AGREEMENT'],Ip Ownership Assignment
['STRATEGIC ALLIANCE AGREEMENT'],License Grant
['STRATEGIC ALLIANCE AGREEMENT'],Non-Transferable License
['STRATEGIC ALLIANCE AGREEMENT'],Post-Termination Services
['STRATEGIC ALLIANCE AGREEMENT'],Audit Rights
['STRATEGIC ALLIANCE AGREEMENT'],Cap On Liability
['STRATEGIC ALLIANCE AGREEMENT'],Warranty Duration
['STRATEGIC ALLIANCE AGREEMENT'],Insurance
['STRATEGIC ALLIANCE AGREEMENT'],Covenant Not To Sue
"['STRATEGIC ALLIANCE AGREEMENT, d']",No-Solicit Of Employees
"['STRATEGIC ALLIANCE AGREEMENT, d']",Non-Disparagement
"['STRATEGIC ALLIANCE AGREEMENT, d']",Termination For Convenience
"['STRATEGIC ALLIANCE AGREEMENT, d']",Rofr/Rofo/Rofn
"['STRATEGIC ALLIANCE AGREEMENT, d']",Anti-Assignment
"['STRATEGIC ALLIANCE AGREEMENT, d']",Post-Termination Services
"['STRATEGIC ALLIANCE AGREEMENT, d']",Insurance
['STRATEGIC ALLIANCE AGREEMENT is'],Anti-Assignment
['STRATEGIC ALLIANCE AGREEMENT is'],Audit Rights
['STRATEGIC ALLIANCE AGREEMENT is'],Cap On Liability
['STRATEGIC ALLIANCE AGREEMENT is'],Third Party Beneficiary
['Strategic Alliance Agreement'],Rofr/Rofo/Rofn
['Strategic Alliance Agreement'],Revenue/Profit Sharing
['Strategic Alliance Agreement'],Covenant Not To Sue
['STRATEGIC ALLIANCE AGREEMENT'],Most Favored Nation
['STRATEGIC ALLIANCE AGREEMENT'],Exclusivity
['STRATEGIC ALLIANCE AGREEMENT'],Revenue/Profit Sharing
['STRATEGIC ALLIANCE AGREEMENT'],Minimum Commitment
['STRATEGIC ALLIANCE AGREEMENT'],Cap On Liability
['STRATEGIC ALLIANCE AGREEMENT'],Non-Compete
['STRATEGIC ALLIANCE AGREEMENT'],No-Solicit Of Employees
['STRATEGIC ALLIANCE AGREEMENT'],License Grant
['STRATEGIC ALLIANCE AGREEMENT'],Non-Transferable License
['STRATEGIC ALLIANCE AGREEMENT'],Most Favored Nation
['STRATEGIC ALLIANCE AGREEMENT'],Exclusivity
['STRATEGIC ALLIANCE AGREEMENT'],No-Solicit Of Employees
['STRATEGIC ALLIANCE AGREEMENT'],Termination For Convenience
['STRATEGIC ALLIANCE AGREEMENT'],Rofr/Rofo/Rofn
['STRATEGIC ALLIANCE AGREEMENT'],Change Of Control
['STRATEGIC ALLIANCE AGREEMENT'],Anti-Assignment
['STRATEGIC ALLIANCE AGREEMENT'],Ip Ownership Assignment
['STRATEGIC ALLIANCE AGREEMENT'],Audit Rights
['STRATEGIC ALLIANCE AGREEMENT'],Uncapped Liability
['STRATEGIC ALLIANCE AGREEMENT'],Cap On Liability
['STRATEGIC ALLIANCE AGREEMENT'],Insurance
['STRATEGIC ALLIANCE AGREEMENT'],Exclusivity
['STRATEGIC ALLIANCE AGREEMENT'],License Grant
['Collaboration Agreement'],Non-Compete
['Collaboration Agreement'],Termination For Convenience
['Collaboration Agreement'],Rofr/Rofo/Rofn
['Collaboration Agreement'],Anti-Assignment
['Collaboration Agreement'],Volume Restriction
['Collaboration Agreement'],Ip Ownership Assignment
['Collaboration Agreement'],License Grant
['Collaboration Agreement'],Affiliate License-Licensor
['Collaboration Agreement'],Irrevocable Or Perpetual License
['Collaboration Agreement'],Post-Termination Services
['Collaboration Agreement'],Audit Rights
['Collaboration Agreement'],Cap On Liability
['Collaboration Agreement'],Insurance
['COLLABORATION AGREEMENT'],Competitive Restriction Exception
['COLLABORATION AGREEMENT'],Exclusivity
['COLLABORATION AGREEMENT'],Termination For Convenience
['COLLABORATION AGREEMENT'],Rofr/Rofo/Rofn
['COLLABORATION AGREEMENT'],Change Of Control
['COLLABORATION AGREEMENT'],Anti-Assignment
['COLLABORATION AGREEMENT'],License Grant
['COLLABORATION AGREEMENT'],Non-Transferable License
['COLLABORATION AGREEMENT'],Irrevocable Or Perpetual License
['COLLABORATION AGREEMENT'],Post-Termination Services
['COLLABORATION AGREEMENT'],Uncapped Liability
['COLLABORATION AGREEMENT'],Cap On Liability
['COLLABORATION AGREEMENT'],Insurance
['COLLABORATION AGREEMENT'],Covenant Not To Sue
['COLLABORATION AGREEMENT'],Exclusivity
['COLLABORATION AGREEMENT'],Anti-Assignment
['COLLABORATION AGREEMENT'],Revenue/Profit Sharing
['COLLABORATION AGREEMENT'],Joint Ip Ownership
['COLLABORATION AGREEMENT'],License Grant
['COLLABORATION AGREEMENT'],Post-Termination Services
['COLLABORATION AGREEMENT'],Audit Rights
['COLLABORATION AGREEMENT'],Uncapped Liability
['COLLABORATION AGREEMENT'],Cap On Liability
['COLLABORATION AGREEMENT'],Insurance
['Cooperation Agreement'],Competitive Restriction Exception
['Cooperation Agreement'],Non-Compete
['Cooperation Agreement'],Exclusivity
['Cooperation Agreement'],Revenue/Profit Sharing
['Cooperation Agreement'],License Grant
['Cooperation Agreement'],Non-Transferable License
['Cooperation Agreement'],Liquidated Damages
['Cooperation Agreement ('],Non-Disparagement
['Cooperation Agreement ('],Anti-Assignment
"['COLLABORATION AGREEMENT (""A']",Competitive Restriction Exception
"['COLLABORATION AGREEMENT (""A']",Exclusivity
"['COLLABORATION AGREEMENT (""A']",Termination For Convenience
"['COLLABORATION AGREEMENT (""A']",Anti-Assignment
"['COLLABORATION AGREEMENT (""A']",Revenue/Profit Sharing
"['COLLABORATION AGREEMENT (""A']",Minimum Commitment
"['COLLABORATION AGREEMENT (""A']",Ip Ownership Assignment
"['COLLABORATION AGREEMENT (""A']",License Grant
"['COLLABORATION AGREEMENT (""A']",Affiliate License-Licensor
"['COLLABORATION AGREEMENT (""A']",Irrevocable Or Perpetual License
"['COLLABORATION AGREEMENT (""A']",Post-Termination Services
"['COLLABORATION AGREEMENT (""A']",Audit Rights
"['COLLABORATION AGREEMENT (""A']",Cap On Liability
"['COLLABORATION AGREEMENT (""A']",Liquidated Damages
"['COLLABORATION AGREEMENT (""A']",Warranty Duration
"['COLLABORATION AGREEMENT (""A']",Insurance
['Cooperation Agreement'],Non-Disparagement
['Cooperation Agreement'],Anti-Assignment
['COOPERATION AGREEMENT'],Termination For Convenience
['COOPERATION AGREEMENT'],Anti-Assignment
['COOPERATION AGREEMENT'],Cap On Liability
['INTERNET CHANNEL COOPERATION AGREEMENT'],Non-Compete
['INTERNET CHANNEL COOPERATION AGREEMENT'],Exclusivity
['INTERNET CHANNEL COOPERATION AGREEMENT'],Rofr/Rofo/Rofn
['INTERNET CHANNEL COOPERATION AGREEMENT'],Anti-Assignment
['COOPERATION AGREEMENT'],Non-Disparagement
['COOPERATION AGREEMENT'],Change Of Control
['COOPERATION AGREEMENT'],Anti-Assignment
['Cooperation Agreement'],Anti-Assignment
['Cooperation Agreement'],Minimum Commitment
['Cooperation Agreement'],Post-Termination Services
['Cooperation Agreement'],Cap On Liability
['Cooperation Agreement'],Anti-Assignment
['COOPERATION AGREEMENT'],Rofr/Rofo/Rofn
['COOPERATION AGREEMENT'],Revenue/Profit Sharing
['COOPERATION AGREEMENT'],Minimum Commitment
['COOPERATION AGREEMENT'],Post-Termination Services
['COOPERATION AGREEMENT'],Audit Rights
['COOPERATION AGREEMENT'],Insurance
['COOPERATION AGREEMENT'],Third Party Beneficiary
['COOPERATION AGREEMENT'],Non-Disparagement
['COLLABORATION AGREEMENT'],Competitive Restriction Exception
['COLLABORATION AGREEMENT'],Exclusivity
['COLLABORATION AGREEMENT'],Termination For Convenience
['COLLABORATION AGREEMENT'],Rofr/Rofo/Rofn
['COLLABORATION AGREEMENT'],Anti-Assignment
['COLLABORATION AGREEMENT'],Revenue/Profit Sharing
['COLLABORATION AGREEMENT'],Ip Ownership Assignment
['COLLABORATION AGREEMENT'],Joint Ip Ownership
['COLLABORATION AGREEMENT'],License Grant
['COLLABORATION AGREEMENT'],Post-Termination Services
['COLLABORATION AGREEMENT'],Audit Rights
['COLLABORATION AGREEMENT'],Cap On Liability
['INTELLECTUAL PROPERTY AGREEMENT'],Change Of Control
['INTELLECTUAL PROPERTY AGREEMENT'],Anti-Assignment
['INTELLECTUAL PROPERTY AGREEMENT'],Ip Ownership Assignment
['INTELLECTUAL PROPERTY AGREEMENT'],Joint Ip Ownership
['INTELLECTUAL PROPERTY AGREEMENT'],License Grant
['INTELLECTUAL PROPERTY AGREEMENT'],Non-Transferable License
['INTELLECTUAL PROPERTY AGREEMENT'],Affiliate License-Licensor
['INTELLECTUAL PROPERTY AGREEMENT'],Affiliate License-Licensee
['INTELLECTUAL PROPERTY AGREEMENT'],Irrevocable Or Perpetual License
['INTELLECTUAL PROPERTY AGREEMENT'],Audit Rights
['INTELLECTUAL PROPERTY AGREEMENT'],Cap On Liability
['INTELLECTUAL PROPERTY AGREEMENT'],Non-Disparagement
['INTELLECTUAL PROPERTY AGREEMENT'],Anti-Assignment
['INTELLECTUAL PROPERTY AGREEMENT'],Minimum Commitment
['INTELLECTUAL PROPERTY AGREEMENT'],Ip Ownership Assignment
['INTELLECTUAL PROPERTY AGREEMENT'],License Grant
['INTELLECTUAL PROPERTY AGREEMENT'],Non-Transferable License
['INTELLECTUAL PROPERTY AGREEMENT'],Affiliate License-Licensee
['INTELLECTUAL PROPERTY AGREEMENT'],Irrevocable Or Perpetual License
['INTELLECTUAL PROPERTY AGREEMENT'],Covenant Not To Sue
['Intellectual Property Agreement'],Change Of Control
['Intellectual Property Agreement'],Anti-Assignment
['Intellectual Property Agreement'],Ip Ownership Assignment
['Intellectual Property Agreement'],License Grant
['Intellectual Property Agreement'],Non-Transferable License
['Intellectual Property Agreement'],Affiliate License-Licensor
['Intellectual Property Agreement'],Audit Rights
['Intellectual Property Agreement'],Third Party Beneficiary
['INTELLECTUAL PROPERTY AGREEMENT'],Non-Compete
['INTELLECTUAL PROPERTY AGREEMENT'],Anti-Assignment
['INTELLECTUAL PROPERTY AGREEMENT'],Ip Ownership Assignment
['INTELLECTUAL PROPERTY AGREEMENT'],License Grant
['INTELLECTUAL PROPERTY AGREEMENT'],Insurance
['INTELLECTUAL PROPERTY AGREEMENT'],Covenant Not To Sue
['Intellectual Property Agreement'],Termination For Convenience
['Intellectual Property Agreement'],Anti-Assignment
['Intellectual Property Agreement'],Ip Ownership Assignment
['Intellectual Property Agreement'],License Grant
['Intellectual Property Agreement'],Non-Transferable License
['Intellectual Property Agreement'],License Grant
['Intellectual Property Agreement'],Irrevocable Or Perpetual License
['Intellectual Property Agreement'],Cap On Liability
['INTELLECTUAL PROPERTY AGREEMENT'],Anti-Assignment
['INTELLECTUAL PROPERTY AGREEMENT'],Ip Ownership Assignment
['INTELLECTUAL PROPERTY AGREEMENT'],License Grant
['INTELLECTUAL PROPERTY AGREEMENT'],Non-Transferable License
['INTELLECTUAL PROPERTY AGREEMENT'],Affiliate License-Licensor
['INTELLECTUAL PROPERTY AGREEMENT'],Affiliate License-Licensee
['INTELLECTUAL PROPERTY AGREEMENT'],Irrevocable Or Perpetual License
['INTELLECTUAL PROPERTY AGREEMENT'],Cap On Liability
['INTELLECTUAL PROPERTY AGREEMENT'],Covenant Not To Sue
['INTELLECTUAL PROPERTY AGREEMENT'],Ip Ownership Assignment
['INTELLECTUAL PROPERTY AGREEMENT'],Exclusivity
['INTELLECTUAL PROPERTY AGREEMENT'],Change Of Control
['INTELLECTUAL PROPERTY AGREEMENT'],Anti-Assignment
['INTELLECTUAL PROPERTY AGREEMENT'],Ip Ownership Assignment
['INTELLECTUAL PROPERTY AGREEMENT'],License Grant
['INTELLECTUAL PROPERTY AGREEMENT'],Non-Transferable License
['INTELLECTUAL PROPERTY AGREEMENT'],Affiliate License-Licensee
['INTELLECTUAL PROPERTY AGREEMENT'],Irrevocable Or Perpetual License
['INTELLECTUAL PROPERTY AGREEMENT'],Cap On Liability
['Distributor Agreement'],Most Favored Nation
['Distributor Agreement'],Non-Compete
['Distributor Agreement'],Exclusivity
['Distributor Agreement'],Anti-Assignment
['Distributor Agreement'],Volume Restriction
['Distributor Agreement'],License Grant
['Distributor Agreement'],Non-Transferable License
['Distributor Agreement'],Post-Termination Services
['Distributor Agreement'],Audit Rights
['Distributor Agreement'],Cap On Liability
['Distributor Agreement'],Warranty Duration
['Distributor Agreement'],Covenant Not To Sue
['Multiple LINAC and Multi-Modality Distributor Agreement'],Anti-Assignment
['Multiple LINAC and Multi-Modality Distributor Agreement'],License Grant
['Multiple LINAC and Multi-Modality Distributor Agreement'],Non-Transferable License
['Multiple LINAC and Multi-Modality Distributor Agreement'],Post-Termination Services
['Multiple LINAC and Multi-Modality Distributor Agreement'],Uncapped Liability
['Multiple LINAC and Multi-Modality Distributor Agreement'],Cap On Liability
['Multiple LINAC and Multi-Modality Distributor Agreement'],Warranty Duration
['DISTRIBUTOR AGREEMENT'],Non-Compete
['DISTRIBUTOR AGREEMENT'],Exclusivity
['DISTRIBUTOR AGREEMENT'],Change Of Control
['DISTRIBUTOR AGREEMENT'],Anti-Assignment
['DISTRIBUTOR AGREEMENT'],Minimum Commitment
['DISTRIBUTOR AGREEMENT'],Cap On Liability
['DISTRIBUTOR AGREEMENT'],Warranty Duration
['DISTRIBUTOR AGREEMENT'],Covenant Not To Sue
['DISTRIBUTOR AGREEMENT'],Most Favored Nation
['DISTRIBUTOR AGREEMENT'],Non-Compete
['DISTRIBUTOR AGREEMENT'],Exclusivity
['DISTRIBUTOR AGREEMENT'],No-Solicit Of Employees
['DISTRIBUTOR AGREEMENT'],Termination For Convenience
['DISTRIBUTOR AGREEMENT'],Change Of Control
['DISTRIBUTOR AGREEMENT'],Anti-Assignment
['DISTRIBUTOR AGREEMENT'],Revenue/Profit Sharing
['DISTRIBUTOR AGREEMENT'],License Grant
['DISTRIBUTOR AGREEMENT'],Non-Transferable License
['DISTRIBUTOR AGREEMENT'],Post-Termination Services
['DISTRIBUTOR AGREEMENT'],Cap On Liability
['DISTRIBUTOR AGREEMENT'],Warranty Duration
['DISTRIBUTOR AGREEMENT'],Non-Compete
['DISTRIBUTOR AGREEMENT'],Termination For Convenience
['DISTRIBUTOR AGREEMENT'],Anti-Assignment
['DISTRIBUTOR AGREEMENT'],License Grant
['DISTRIBUTOR AGREEMENT'],Post-Termination Services
['DISTRIBUTOR AGREEMENT'],Audit Rights
['DISTRIBUTOR AGREEMENT'],Cap On Liability
['DISTRIBUTOR AGREEMENT'],Warranty Duration
['DISTRIBUTOR AGREEMENT'],Termination For Convenience
['DISTRIBUTOR AGREEMENT'],Change Of Control
['DISTRIBUTOR AGREEMENT'],Anti-Assignment
['DISTRIBUTOR AGREEMENT'],Minimum Commitment
['DISTRIBUTOR AGREEMENT'],License Grant
['DISTRIBUTOR AGREEMENT'],Non-Transferable License
['DISTRIBUTOR AGREEMENT'],Post-Termination Services
['DISTRIBUTOR AGREEMENT'],Audit Rights
['DISTRIBUTOR AGREEMENT'],Uncapped Liability
['DISTRIBUTOR AGREEMENT'],Cap On Liability
['DISTRIBUTOR AGREEMENT'],Liquidated Damages
['DISTRIBUTOR AGREEMENT'],Warranty Duration
['DISTRIBUTOR AGREEMENT'],Covenant Not To Sue
['EXCLUSIVE DISTRIBUTOR AGREEMENT'],Non-Compete
['EXCLUSIVE DISTRIBUTOR AGREEMENT'],Exclusivity
['EXCLUSIVE DISTRIBUTOR AGREEMENT'],Rofr/Rofo/Rofn
['EXCLUSIVE DISTRIBUTOR AGREEMENT'],Anti-Assignment
['EXCLUSIVE DISTRIBUTOR AGREEMENT'],Revenue/Profit Sharing
['EXCLUSIVE DISTRIBUTOR AGREEMENT'],Minimum Commitment
['EXCLUSIVE DISTRIBUTOR AGREEMENT'],License Grant
['EXCLUSIVE DISTRIBUTOR AGREEMENT'],Non-Transferable License
['EXCLUSIVE DISTRIBUTOR AGREEMENT'],Post-Termination Services
['EXCLUSIVE DISTRIBUTOR AGREEMENT'],Audit Rights
['EXCLUSIVE DISTRIBUTOR AGREEMENT'],Cap On Liability
['EXCLUSIVE DISTRIBUTOR AGREEMENT'],Warranty Duration
['EXCLUSIVE DISTRIBUTOR AGREEMENT'],Exclusivity
['EXCLUSIVE DISTRIBUTOR AGREEMENT'],Rofr/Rofo/Rofn
['EXCLUSIVE DISTRIBUTOR AGREEMENT'],Anti-Assignment
['EXCLUSIVE DISTRIBUTOR AGREEMENT'],Minimum Commitment
['EXCLUSIVE DISTRIBUTOR AGREEMENT'],License Grant
['EXCLUSIVE DISTRIBUTOR AGREEMENT'],Post-Termination Services
['EXCLUSIVE DISTRIBUTOR AGREEMENT'],Insurance
['Distributor Agreement'],Non-Compete
['Distributor Agreement'],Exclusivity
['Distributor Agreement'],Termination For Convenience
['Distributor Agreement'],Change Of Control
['Distributor Agreement'],Minimum Commitment
['Distributor Agreement'],License Grant
['Distributor Agreement'],Cap On Liability
['DISTRIBUTOR AGREEMENT'],Exclusivity
['DISTRIBUTOR AGREEMENT'],No-Solicit Of Customers
['DISTRIBUTOR AGREEMENT'],No-Solicit Of Employees
['DISTRIBUTOR AGREEMENT'],Rofr/Rofo/Rofn
['DISTRIBUTOR AGREEMENT'],Anti-Assignment
['DISTRIBUTOR AGREEMENT'],Price Restrictions
['DISTRIBUTOR AGREEMENT'],Minimum Commitment
['DISTRIBUTOR AGREEMENT'],License Grant
['DISTRIBUTOR AGREEMENT'],Post-Termination Services
['DISTRIBUTOR AGREEMENT'],Warranty Duration
['DISTRIBUTOR AGREEMENT'],Insurance
['DISTRIBUTOR AGREEMENT'],Covenant Not To Sue
['DISTRIBUTOR AGREEMENT'],Exclusivity
['DISTRIBUTOR AGREEMENT'],Non-Disparagement
['DISTRIBUTOR AGREEMENT'],Anti-Assignment
['DISTRIBUTOR AGREEMENT'],Minimum Commitment
['DISTRIBUTOR AGREEMENT'],License Grant
['DISTRIBUTOR AGREEMENT'],Non-Transferable License
['DISTRIBUTOR AGREEMENT'],Cap On Liability
['DISTRIBUTOR AGREEMENT'],Warranty Duration
['DISTRIBUTOR AGREEMENT'],Covenant Not To Sue
['DISTRIBUTOR AGREEMENT'],Most Favored Nation
['DISTRIBUTOR AGREEMENT'],Exclusivity
['DISTRIBUTOR AGREEMENT'],Termination For Convenience
['DISTRIBUTOR AGREEMENT'],Anti-Assignment
['DISTRIBUTOR AGREEMENT'],Revenue/Profit Sharing
['DISTRIBUTOR AGREEMENT'],Minimum Commitment
['DISTRIBUTOR AGREEMENT'],License Grant
['DISTRIBUTOR AGREEMENT'],Post-Termination Services
['DISTRIBUTOR AGREEMENT'],Audit Rights
['DISTRIBUTOR AGREEMENT'],Uncapped Liability
['DISTRIBUTOR AGREEMENT'],Cap On Liability
['DISTRIBUTOR AGREEMENT'],Warranty Duration
['DISTRIBUTOR AGREEMENT'],Insurance
['DISTRIBUTOR AGREEMENT'],Competitive Restriction Exception
['DISTRIBUTOR AGREEMENT'],Exclusivity
['DISTRIBUTOR AGREEMENT'],Termination For Convenience
['DISTRIBUTOR AGREEMENT'],Minimum Commitment
['DISTRIBUTOR AGREEMENT'],Warranty Duration
['DISTRIBUTOR AGREEMENT'],Anti-Assignment
['DISTRIBUTOR AGREEMENT'],Revenue/Profit Sharing
['DISTRIBUTOR AGREEMENT'],Minimum Commitment
['DISTRIBUTOR AGREEMENT'],License Grant
['DISTRIBUTOR AGREEMENT'],Post-Termination Services
['DISTRIBUTOR AGREEMENT'],Audit Rights
['DISTRIBUTOR AGREEMENT'],Cap On Liability
['DISTRIBUTOR AGREEMENT'],Warranty Duration
['DISTRIBUTOR AGREEMENT'],Insurance
['DISTRIBUTOR AGREEMENT'],Covenant Not To Sue
['Transportation Agreement'],Termination For Convenience
['Transportation Agreement'],Anti-Assignment
['Transportation Agreement'],Minimum Commitment
['Transportation Agreement'],Volume Restriction
['Transportation Agreement'],Uncapped Liability
['Transportation Agreement'],Cap On Liability
['TRANSPORTATION CONTRACT'],Termination For Convenience
['TRANSPORTATION CONTRACT'],Anti-Assignment
['TRANSPORTATION CONTRACT'],Price Restrictions
['TRANSPORTATION CONTRACT'],Minimum Commitment
['TRANSPORTATION CONTRACT'],Volume Restriction
['TRANSPORTATION CONTRACT'],Cap On Liability
['TRANSPORTATION CONTRACT'],Insurance
['MARINE TRANSPORTATION AGREEMENT'],Exclusivity
['MARINE TRANSPORTATION AGREEMENT'],Anti-Assignment
['MARINE TRANSPORTATION AGREEMENT'],Cap On Liability
['MARINE TRANSPORTATION AGREEMENT'],Warranty Duration
['MARINE TRANSPORTATION AGREEMENT'],Insurance
['ENDORSEMENT AGREEMENT'],Competitive Restriction Exception
['ENDORSEMENT AGREEMENT'],Non-Compete
['ENDORSEMENT AGREEMENT'],Exclusivity
['ENDORSEMENT AGREEMENT'],Anti-Assignment
['ENDORSEMENT AGREEMENT'],Minimum Commitment
['ENDORSEMENT AGREEMENT'],Volume Restriction
['ENDORSEMENT AGREEMENT'],License Grant
['Endorsement Agreement'],Competitive Restriction Exception
['Endorsement Agreement'],Exclusivity
['Endorsement Agreement'],Anti-Assignment
['Endorsement Agreement'],Revenue/Profit Sharing
['Endorsement Agreement'],Minimum Commitment
['Endorsement Agreement'],Volume Restriction
['Endorsement Agreement'],License Grant
['Endorsement Agreement'],Post-Termination Services
['Endorsement Agreement'],Audit Rights
['Endorsement Agreement'],Insurance
['Endorsement Agreement'],Covenant Not To Sue
['ENDORSEMENT AGREEMENT'],Termination For Convenience
['ENDORSEMENT AGREEMENT'],Anti-Assignment
['ENDORSEMENT AGREEMENT'],License Grant
['ENDORSEMENT AGREEMENT'],Affiliate License-Licensee
['ENDORSEMENT AGREEMENT'],Post-Termination Services
['ENDORSEMENT AGREEMENT'],Change Of Control
['ENDORSEMENT AGREEMENT'],Anti-Assignment
['ENDORSEMENT AGREEMENT'],Volume Restriction
['ENDORSEMENT AGREEMENT'],Post-Termination Services
['ENDORSEMENT AGREEMENT'],Exclusivity
['ENDORSEMENT AGREEMENT'],Change Of Control
['ENDORSEMENT AGREEMENT'],Anti-Assignment
['ENDORSEMENT AGREEMENT'],Minimum Commitment
['ENDORSEMENT AGREEMENT'],Ip Ownership Assignment
['ENDORSEMENT AGREEMENT'],License Grant
['ENDORSEMENT AGREEMENT'],Cap On Liability
['ENDORSEMENT AGREEMENT'],Liquidated Damages
['ENDORSEMENT AGREEMENT'],Insurance
['ENDORSEMENT AGREEMENT'],Third Party Beneficiary
['ENDORSEMENT AGREEMENT'],Exclusivity
['ENDORSEMENT AGREEMENT'],Anti-Assignment
['ENDORSEMENT AGREEMENT'],Volume Restriction
['ENDORSEMENT AGREEMENT'],License Grant
['ENDORSEMENT AGREEMENT'],Unlimited/All-You-Can-Eat-License
['ENDORSEMENT AGREEMENT'],Post-Termination Services
['Endorsement Agreement'],Exclusivity
['Endorsement Agreement'],Anti-Assignment
['Endorsement Agreement'],Revenue/Profit Sharing
['Endorsement Agreement'],Minimum Commitment
['Endorsement Agreement'],Volume Restriction
['Endorsement Agreement'],License Grant
['Endorsement Agreement'],Post-Termination Services
['Endorsement Agreement'],Audit Rights
['Endorsement Agreement'],Liquidated Damages
['ENDORSEMENT AGREEMENT'],Most Favored Nation
['ENDORSEMENT AGREEMENT'],Exclusivity
['ENDORSEMENT AGREEMENT'],Change Of Control
['ENDORSEMENT AGREEMENT'],Anti-Assignment
['ENDORSEMENT AGREEMENT'],Revenue/Profit Sharing
['ENDORSEMENT AGREEMENT'],Minimum Commitment
['ENDORSEMENT AGREEMENT'],Volume Restriction
['ENDORSEMENT AGREEMENT'],Ip Ownership Assignment
['ENDORSEMENT AGREEMENT'],License Grant
['ENDORSEMENT AGREEMENT'],Post-Termination Services
['ENDORSEMENT AGREEMENT'],Audit Rights
['ENDORSEMENT AGREEMENT'],Cap On Liability
['ENDORSEMENT AGREEMENT'],Insurance
"['LICENSE, DEVELOPMENT AND COMMERCIALIZATION AGREEMENT']",Non-Compete
"['LICENSE, DEVELOPMENT AND COMMERCIALIZATION AGREEMENT']",Exclusivity
"['LICENSE, DEVELOPMENT AND COMMERCIALIZATION AGREEMENT']",Termination For Convenience
"['LICENSE, DEVELOPMENT AND COMMERCIALIZATION AGREEMENT']",Anti-Assignment
"['LICENSE, DEVELOPMENT AND COMMERCIALIZATION AGREEMENT']",Revenue/Profit Sharing
"['LICENSE, DEVELOPMENT AND COMMERCIALIZATION AGREEMENT']",Minimum Commitment
"['LICENSE, DEVELOPMENT AND COMMERCIALIZATION AGREEMENT']",Ip Ownership Assignment
"['LICENSE, DEVELOPMENT AND COMMERCIALIZATION AGREEMENT']",Joint Ip Ownership
"['LICENSE, DEVELOPMENT AND COMMERCIALIZATION AGREEMENT']",License Grant
"['LICENSE, DEVELOPMENT AND COMMERCIALIZATION AGREEMENT']",Affiliate License-Licensor
"['LICENSE, DEVELOPMENT AND COMMERCIALIZATION AGREEMENT']",Affiliate License-Licensee
"['LICENSE, DEVELOPMENT AND COMMERCIALIZATION AGREEMENT']",Irrevocable Or Perpetual License
"['LICENSE, DEVELOPMENT AND COMMERCIALIZATION AGREEMENT']",Post-Termination Services
"['LICENSE, DEVELOPMENT AND COMMERCIALIZATION AGREEMENT']",Audit Rights
"['LICENSE, DEVELOPMENT AND COMMERCIALIZATION AGREEMENT']",Cap On Liability
"['LICENSE, DEVELOPMENT AND COMMERCIALIZATION AGREEMENT']",Liquidated Damages
"['LICENSE, DEVELOPMENT AND COMMERCIALIZATION AGREEMENT']",Warranty Duration
['Collaborative Development and Commercialization Agreement'],Exclusivity
['Collaborative Development and Commercialization Agreement'],Termination For Convenience
['Collaborative Development and Commercialization Agreement'],Rofr/Rofo/Rofn
['Collaborative Development and Commercialization Agreement'],Anti-Assignment
['Collaborative Development and Commercialization Agreement'],Revenue/Profit Sharing
['Collaborative Development and Commercialization Agreement'],Minimum Commitment
['Collaborative Development and Commercialization Agreement'],Ip Ownership Assignment
['Collaborative Development and Commercialization Agreement'],Joint Ip Ownership
['Collaborative Development and Commercialization Agreement'],License Grant
['Collaborative Development and Commercialization Agreement'],Non-Transferable License
['Collaborative Development and Commercialization Agreement'],Irrevocable Or Perpetual License
['Collaborative Development and Commercialization Agreement'],Audit Rights
['Collaborative Development and Commercialization Agreement'],Uncapped Liability
['Collaborative Development and Commercialization Agreement'],Cap On Liability
['Collaborative Development and Commercialization Agreement'],Insurance
['DEVELOPMENT AGREEMENT'],Anti-Assignment
['DEVELOPMENT AGREEMENT'],Post-Termination Services
['DEVELOPMENT AGREEMENT'],Cap On Liability
"['DEVELOPMENT AGREEMENT (""']",Rofr/Rofo/Rofn
"['DEVELOPMENT AGREEMENT (""']",Anti-Assignment
"['DEVELOPMENT AGREEMENT (""']",Minimum Commitment
"['DEVELOPMENT AGREEMENT (""']",Post-Termination Services
"['DEVELOPMENT AGREEMENT (""']",Cap On Liability
"['DEVELOPMENT AGREEMENT (""']",Liquidated Damages
"['DEVELOPMENT AGREEMENT (""']",Insurance
['FRANCHISE AGREEMENT'],Competitive Restriction Exception
['FRANCHISE AGREEMENT'],Non-Compete
['FRANCHISE AGREEMENT'],Exclusivity
['FRANCHISE AGREEMENT'],No-Solicit Of Customers
['FRANCHISE AGREEMENT'],No-Solicit Of Employees
['FRANCHISE AGREEMENT'],Rofr/Rofo/Rofn
['FRANCHISE AGREEMENT'],Anti-Assignment
['FRANCHISE AGREEMENT'],License Grant
['FRANCHISE AGREEMENT'],Non-Transferable License
['FRANCHISE AGREEMENT'],Post-Termination Services
['FRANCHISE AGREEMENT'],Audit Rights
['FRANCHISE AGREEMENT'],Insurance
['FRANCHISE AGREEMENT'],Covenant Not To Sue
['FRANCHISE AGREEMENT'],Non-Compete
['FRANCHISE AGREEMENT'],Exclusivity
['FRANCHISE AGREEMENT'],Change Of Control
['FRANCHISE AGREEMENT'],Anti-Assignment
['FRANCHISE AGREEMENT'],Revenue/Profit Sharing
['FRANCHISE AGREEMENT'],Ip Ownership Assignment
['FRANCHISE AGREEMENT'],License Grant
['FRANCHISE AGREEMENT'],Audit Rights
['FRANCHISE AGREEMENT'],Cap On Liability
['FRANCHISE AGREEMENT'],Liquidated Damages
['FRANCHISE AGREEMENT'],Insurance
['FRANCHISE AGREEMENT'],Covenant Not To Sue
['FRANCHISE AGREEMENT'],Competitive Restriction Exception
['FRANCHISE AGREEMENT'],Non-Compete
['FRANCHISE AGREEMENT'],No-Solicit Of Employees
['FRANCHISE AGREEMENT'],Non-Disparagement
['FRANCHISE AGREEMENT'],Rofr/Rofo/Rofn
['FRANCHISE AGREEMENT'],Change Of Control
['FRANCHISE AGREEMENT'],Anti-Assignment
['FRANCHISE AGREEMENT'],Revenue/Profit Sharing
['FRANCHISE AGREEMENT'],Minimum Commitment
['FRANCHISE AGREEMENT'],Ip Ownership Assignment
['FRANCHISE AGREEMENT'],License Grant
['FRANCHISE AGREEMENT'],Post-Termination Services
['FRANCHISE AGREEMENT'],Audit Rights
['FRANCHISE AGREEMENT'],Insurance
['FRANCHISE AGREEMENT'],Covenant Not To Sue
['FRANCHISE AGREEMENT'],Competitive Restriction Exception
['FRANCHISE AGREEMENT'],Non-Compete
['FRANCHISE AGREEMENT'],No-Solicit Of Customers
['FRANCHISE AGREEMENT'],No-Solicit Of Employees
['FRANCHISE AGREEMENT'],Rofr/Rofo/Rofn
['FRANCHISE AGREEMENT'],Change Of Control
['FRANCHISE AGREEMENT'],Anti-Assignment
['FRANCHISE AGREEMENT'],Revenue/Profit Sharing
['FRANCHISE AGREEMENT'],Minimum Commitment
['FRANCHISE AGREEMENT'],Ip Ownership Assignment
['FRANCHISE AGREEMENT'],License Grant
['FRANCHISE AGREEMENT'],Non-Transferable License
['FRANCHISE AGREEMENT'],Affiliate License-Licensor
['FRANCHISE AGREEMENT'],Irrevocable Or Perpetual License
['FRANCHISE AGREEMENT'],Post-Termination Services
['FRANCHISE AGREEMENT'],Audit Rights
['FRANCHISE AGREEMENT'],Cap On Liability
['FRANCHISE AGREEMENT'],Liquidated Damages
['FRANCHISE AGREEMENT'],Insurance
['FRANCHISE AGREEMENT'],Covenant Not To Sue
['FRANCHISE AGREEMENT'],Third Party Beneficiary
"['Franchise Agreement', 'Addendum to Lease Agreement']",Competitive Restriction Exception
"['Franchise Agreement', 'Addendum to Lease Agreement']",Non-Compete
"['Franchise Agreement', 'Addendum to Lease Agreement']",Exclusivity
"['Franchise Agreement', 'Addendum to Lease Agreement']",Non-Disparagement
"['Franchise Agreement', 'Addendum to Lease Agreement']",Termination For Convenience
"['Franchise Agreement', 'Addendum to Lease Agreement']",Rofr/Rofo/Rofn
"['Franchise Agreement', 'Addendum to Lease Agreement']",Change Of Control
"['Franchise Agreement', 'Addendum to Lease Agreement']",Anti-Assignment
"['Franchise Agreement', 'Addendum to Lease Agreement']",Revenue/Profit Sharing
"['Franchise Agreement', 'Addendum to Lease Agreement']",Minimum Commitment
"['Franchise Agreement', 'Addendum to Lease Agreement']",License Grant
"['Franchise Agreement', 'Addendum to Lease Agreement']",Post-Termination Services
"['Franchise Agreement', 'Addendum to Lease Agreement']",Audit Rights
"['Franchise Agreement', 'Addendum to Lease Agreement']",Uncapped Liability
"['Franchise Agreement', 'Addendum to Lease Agreement']",Cap On Liability
"['Franchise Agreement', 'Addendum to Lease Agreement']",Liquidated Damages
"['Franchise Agreement', 'Addendum to Lease Agreement']",Insurance
"['Franchise Agreement', 'Addendum to Lease Agreement']",Third Party Beneficiary
['SITE DEVELOPMENT AND HOSTING AGREEMENT ('],Non-Compete
['SITE DEVELOPMENT AND HOSTING AGREEMENT ('],Exclusivity
['SITE DEVELOPMENT AND HOSTING AGREEMENT ('],Revenue/Profit Sharing
['SITE DEVELOPMENT AND HOSTING AGREEMENT ('],Minimum Commitment
['SITE DEVELOPMENT AND HOSTING AGREEMENT ('],License Grant
['SITE DEVELOPMENT AND HOSTING AGREEMENT ('],Non-Transferable License
['SITE DEVELOPMENT AND HOSTING AGREEMENT ('],Audit Rights
['SITE DEVELOPMENT AND HOSTING AGREEMENT ('],Cap On Liability
['SITE DEVELOPMENT AND HOSTING AGREEMENT ('],Liquidated Damages
['e-business Hosting Agreement'],Termination For Convenience
['e-business Hosting Agreement'],Anti-Assignment
['e-business Hosting Agreement'],License Grant
['e-business Hosting Agreement'],Irrevocable Or Perpetual License
['e-business Hosting Agreement'],Uncapped Liability
['e-business Hosting Agreement'],Cap On Liability
['e-business Hosting Agreement'],Liquidated Damages
['e-business Hosting Agreement'],Third Party Beneficiary
['Co-Hosting Agreement'],Competitive Restriction Exception
['Co-Hosting Agreement'],Non-Compete
['Co-Hosting Agreement'],Exclusivity
['Co-Hosting Agreement'],Anti-Assignment
['Co-Hosting Agreement'],Minimum Commitment
['Co-Hosting Agreement'],Volume Restriction
['Co-Hosting Agreement'],License Grant
['Co-Hosting Agreement'],Non-Transferable License
['Co-Hosting Agreement'],Post-Termination Services
['Co-Hosting Agreement'],Audit Rights
['Co-Hosting Agreement'],Uncapped Liability
['Co-Hosting Agreement'],Cap On Liability
['Co-Hosting Agreement'],Liquidated Damages
['LICENSING AND WEB SITE HOSTING AGREEMENT'],Anti-Assignment
['LICENSING AND WEB SITE HOSTING AGREEMENT'],Minimum Commitment
['LICENSING AND WEB SITE HOSTING AGREEMENT'],License Grant
['LICENSING AND WEB SITE HOSTING AGREEMENT'],Cap On Liability
['VISP WEB SITE BUILDING AND HOSTING AGREEMENT'],No-Solicit Of Customers
['VISP WEB SITE BUILDING AND HOSTING AGREEMENT'],Anti-Assignment
['VISP WEB SITE BUILDING AND HOSTING AGREEMENT'],Revenue/Profit Sharing
['VISP WEB SITE BUILDING AND HOSTING AGREEMENT'],Liquidated Damages
['License and Hosting Agreement'],Change Of Control
['License and Hosting Agreement'],Anti-Assignment
['License and Hosting Agreement'],Revenue/Profit Sharing
['License and Hosting Agreement'],Ip Ownership Assignment
['License and Hosting Agreement'],Joint Ip Ownership
['License and Hosting Agreement'],License Grant
['License and Hosting Agreement'],Non-Transferable License
['License and Hosting Agreement'],Unlimited/All-You-Can-Eat-License
['License and Hosting Agreement'],Irrevocable Or Perpetual License
['License and Hosting Agreement'],Source Code Escrow
['License and Hosting Agreement'],Post-Termination Services
['License and Hosting Agreement'],Audit Rights
['License and Hosting Agreement'],Uncapped Liability
['License and Hosting Agreement'],Cap On Liability
['License and Hosting Agreement'],Warranty Duration
['License and Hosting Agreement'],Covenant Not To Sue
['License and Hosting Agreement'],Non-Compete
['License and Hosting Agreement'],Anti-Assignment
['License and Hosting Agreement'],Revenue/Profit Sharing
['License and Hosting Agreement'],Volume Restriction
['License and Hosting Agreement'],Ip Ownership Assignment
['License and Hosting Agreement'],Joint Ip Ownership
['License and Hosting Agreement'],License Grant
['License and Hosting Agreement'],Non-Transferable License
['License and Hosting Agreement'],Unlimited/All-You-Can-Eat-License
['License and Hosting Agreement'],Irrevocable Or Perpetual License
['License and Hosting Agreement'],Source Code Escrow
['License and Hosting Agreement'],Post-Termination Services
['License and Hosting Agreement'],Audit Rights
['License and Hosting Agreement'],Uncapped Liability
['License and Hosting Agreement'],Cap On Liability
['License and Hosting Agreement'],Warranty Duration
['License and Hosting Agreement'],Third Party Beneficiary
['WEB HOSTING AGREEMENT'],License Grant
['Software Hosting Agreement'],Termination For Convenience
['Software Hosting Agreement'],Change Of Control
['Software Hosting Agreement'],Anti-Assignment
['Software Hosting Agreement'],Ip Ownership Assignment
['Software Hosting Agreement'],Joint Ip Ownership
['Software Hosting Agreement'],License Grant
['Software Hosting Agreement'],Non-Transferable License
['Software Hosting Agreement'],Source Code Escrow
['Software Hosting Agreement'],Post-Termination Services
['Software Hosting Agreement'],Audit Rights
['Software Hosting Agreement'],Uncapped Liability
['Software Hosting Agreement'],Cap On Liability
['Software Hosting Agreement'],Liquidated Damages
['Software Hosting Agreement'],Insurance
['Amendment #3 to the Manufacturing Agreemen'],Minimum Commitment
['Amendment #3 to the Manufacturing Agreemen'],Post-Termination Services
['Amendment #3 to the Manufacturing Agreemen'],Uncapped Liability
['Amendment #3 to the Manufacturing Agreemen'],Cap On Liability
['Amendment #3 to the Manufacturing Agreemen'],Liquidated Damages
['Manufacturing Agreement'],Competitive Restriction Exception
['Manufacturing Agreement'],Exclusivity
['Manufacturing Agreement'],Anti-Assignment
['Manufacturing Agreement'],Minimum Commitment
['Manufacturing Agreement'],Audit Rights
['Manufacturing Agreement'],Cap On Liability
['Manufacturing Agreement'],Insurance
['Manufacturing and Supply Agreement'],Anti-Assignment
['Manufacturing and Supply Agreement'],Minimum Commitment
['Manufacturing and Supply Agreement'],Audit Rights
['Manufacturing and Supply Agreement'],Uncapped Liability
['Manufacturing and Supply Agreement'],Cap On Liability
['Manufacturing and Supply Agreement'],Warranty Duration
['Manufacturing and Supply Agreement'],Insurance
['AMENDMENT NO. 2 TO MANUFACTURING AND SUPPLY AGREEMENT'],Change Of Control
['AMENDMENT NO. 2 TO MANUFACTURING AND SUPPLY AGREEMENT'],Anti-Assignment
['AMENDMENT NO. 2 TO MANUFACTURING AND SUPPLY AGREEMENT'],Minimum Commitment
['AMENDMENT NO. 2 TO MANUFACTURING AND SUPPLY AGREEMENT'],Post-Termination Services
['AMENDMENT NO. 2 TO MANUFACTURING AND SUPPLY AGREEMENT'],Audit Rights
['AMENDMENT NO. 2 TO MANUFACTURING AND SUPPLY AGREEMENT'],Insurance
['Manufacturing Agreement'],Exclusivity
['Manufacturing Agreement'],Anti-Assignment
['Manufacturing Agreement'],Minimum Commitment
['Manufacturing Agreement'],License Grant
['Manufacturing Agreement'],Non-Transferable License
['Manufacturing Agreement'],Irrevocable Or Perpetual License
['Manufacturing Agreement'],Post-Termination Services
['Manufacturing Agreement'],Audit Rights
['Master Development and Manufacturing Agreement'],Termination For Convenience
['Master Development and Manufacturing Agreement'],Anti-Assignment
['Master Development and Manufacturing Agreement'],Ip Ownership Assignment
['Master Development and Manufacturing Agreement'],License Grant
['Master Development and Manufacturing Agreement'],Irrevocable Or Perpetual License
['Master Development and Manufacturing Agreement'],Audit Rights
['Master Development and Manufacturing Agreement'],Uncapped Liability
['Master Development and Manufacturing Agreement'],Cap On Liability
['Master Development and Manufacturing Agreement'],Warranty Duration
['Master Development and Manufacturing Agreement'],Insurance
['Manufacturing Agreement'],No-Solicit Of Customers
['Manufacturing Agreement'],Termination For Convenience
['Manufacturing Agreement'],Anti-Assignment
['Manufacturing Agreement'],Ip Ownership Assignment
['Manufacturing Agreement'],License Grant
['Manufacturing Agreement'],Non-Transferable License
['Manufacturing Agreement'],Affiliate License-Licensee
['Manufacturing Agreement'],Post-Termination Services
['Manufacturing Agreement'],Audit Rights
['Manufacturing Agreement'],Uncapped Liability
['Manufacturing Agreement'],Cap On Liability
['Manufacturing Agreement'],Warranty Duration
['Manufacturing Agreement'],Insurance
['Manufacturing Agreement'],Covenant Not To Sue
['Manufacturing and Supply Agreement'],Rofr/Rofo/Rofn
['Manufacturing and Supply Agreement'],Change Of Control
['Manufacturing and Supply Agreement'],Anti-Assignment
['Manufacturing and Supply Agreement'],Minimum Commitment
['Manufacturing and Supply Agreement'],Audit Rights
['Manufacturing and Supply Agreement'],Uncapped Liability
['Manufacturing and Supply Agreement'],Cap On Liability
['Manufacturing and Supply Agreement'],Insurance
['SUPPORT AND MAINTENANCE AGREEMENT'],Anti-Assignment
['SUPPORT AND MAINTENANCE AGREEMENT'],Volume Restriction
['SUPPORT AND MAINTENANCE AGREEMENT'],Ip Ownership Assignment
['OPERATIONS AND MAINTENANCE AGREEMENT'],Termination For Convenience
['OPERATIONS AND MAINTENANCE AGREEMENT'],Change Of Control
['OPERATIONS AND MAINTENANCE AGREEMENT'],Anti-Assignment
['OPERATIONS AND MAINTENANCE AGREEMENT'],Post-Termination Services
['OPERATIONS AND MAINTENANCE AGREEMENT'],Audit Rights
['OPERATIONS AND MAINTENANCE AGREEMENT'],Cap On Liability
['OPERATIONS AND MAINTENANCE AGREEMENT'],Insurance
['Unconditional Capital Maintenance Agreement'],Termination For Convenience
['Unconditional Capital Maintenance Agreement'],Cap On Liability
['Maintenance and support contract'],Anti-Assignment
['Maintenance and support contract'],Cap On Liability
['SOFTWARE LICENSE AND MAINTENANCE AGREEMENT'],No-Solicit Of Employees
['SOFTWARE LICENSE AND MAINTENANCE AGREEMENT'],Rofr/Rofo/Rofn
['SOFTWARE LICENSE AND MAINTENANCE AGREEMENT'],Change Of Control
['SOFTWARE LICENSE AND MAINTENANCE AGREEMENT'],Anti-Assignment
['SOFTWARE LICENSE AND MAINTENANCE AGREEMENT'],Revenue/Profit Sharing
['SOFTWARE LICENSE AND MAINTENANCE AGREEMENT'],License Grant
['SOFTWARE LICENSE AND MAINTENANCE AGREEMENT'],Audit Rights
['SOFTWARE LICENSE AND MAINTENANCE AGREEMENT'],Cap On Liability
['SOFTWARE LICENSE AND MAINTENANCE AGREEMENT'],No-Solicit Of Employees
['SOFTWARE LICENSE AND MAINTENANCE AGREEMENT'],Termination For Convenience
['SOFTWARE LICENSE AND MAINTENANCE AGREEMENT'],Anti-Assignment
['SOFTWARE LICENSE AND MAINTENANCE AGREEMENT'],License Grant
['SOFTWARE LICENSE AND MAINTENANCE AGREEMENT'],Non-Transferable License
['SOFTWARE LICENSE AND MAINTENANCE AGREEMENT'],Irrevocable Or Perpetual License
['SOFTWARE LICENSE AND MAINTENANCE AGREEMENT'],Source Code Escrow
['SOFTWARE LICENSE AND MAINTENANCE AGREEMENT'],Post-Termination Services
['SOFTWARE LICENSE AND MAINTENANCE AGREEMENT'],Cap On Liability
['SOFTWARE LICENSE AND MAINTENANCE AGREEMENT'],Warranty Duration
['FLEET MAINTENANCE AGREEMENT'],Termination For Convenience
['FLEET MAINTENANCE AGREEMENT'],Rofr/Rofo/Rofn
['FLEET MAINTENANCE AGREEMENT'],Anti-Assignment
['FLEET MAINTENANCE AGREEMENT'],Minimum Commitment
['FLEET MAINTENANCE AGREEMENT'],Volume Restriction
['FLEET MAINTENANCE AGREEMENT'],Post-Termination Services
['FLEET MAINTENANCE AGREEMENT'],Cap On Liability
['FLEET MAINTENANCE AGREEMENT'],Insurance
['OPERATIONS AND MAINTENANCE AGREEMENT'],Anti-Assignment
['OPERATIONS AND MAINTENANCE AGREEMENT'],Insurance
['CONSTRUCTION AND MAINTENANCE AGREEMENT'],Termination For Convenience
['CONSTRUCTION AND MAINTENANCE AGREEMENT'],Change Of Control
['CONSTRUCTION AND MAINTENANCE AGREEMENT'],Anti-Assignment
['CONSTRUCTION AND MAINTENANCE AGREEMENT'],Revenue/Profit Sharing
['CONSTRUCTION AND MAINTENANCE AGREEMENT'],Audit Rights
['CONSTRUCTION AND MAINTENANCE AGREEMENT'],Cap On Liability
['CONSTRUCTION AND MAINTENANCE AGREEMENT'],Insurance
['MAINTENANCE AGREEMENT'],Minimum Commitment
['MAINTENANCE AGREEMENT'],Cap On Liability
['MAINTENANCE AGREEMENT'],Liquidated Damages
['MAINTENANCE AGREEMENT'],Covenant Not To Sue
['Software license and maintenance agreement'],Termination For Convenience
['Software license and maintenance agreement'],Anti-Assignment
['Software license and maintenance agreement'],Minimum Commitment
['Software license and maintenance agreement'],Volume Restriction
['Software license and maintenance agreement'],License Grant
['Software license and maintenance agreement'],Non-Transferable License
['Software license and maintenance agreement'],Irrevocable Or Perpetual License
['Software license and maintenance agreement'],Source Code Escrow
['Software license and maintenance agreement'],Audit Rights
['Software license and maintenance agreement'],Cap On Liability
['Software license and maintenance agreement'],Liquidated Damages
['Software license and maintenance agreement'],Warranty Duration
['ASIA PACIFIC CABLE NETWORK 2 CONSTRUCTION & MAINTENANCE AGREEMENT'],Termination For Convenience
['ASIA PACIFIC CABLE NETWORK 2 CONSTRUCTION & MAINTENANCE AGREEMENT'],Anti-Assignment
['ASIA PACIFIC CABLE NETWORK 2 CONSTRUCTION & MAINTENANCE AGREEMENT'],Post-Termination Services
['ASIA PACIFIC CABLE NETWORK 2 CONSTRUCTION & MAINTENANCE AGREEMENT'],Audit Rights
['ASIA PACIFIC CABLE NETWORK 2 CONSTRUCTION & MAINTENANCE AGREEMENT'],Cap On Liability
['LICENCE AND MAINTENANCE AGREEMENT'],Non-Compete
['LICENCE AND MAINTENANCE AGREEMENT'],Termination For Convenience
['LICENCE AND MAINTENANCE AGREEMENT'],Rofr/Rofo/Rofn
['LICENCE AND MAINTENANCE AGREEMENT'],Anti-Assignment
['LICENCE AND MAINTENANCE AGREEMENT'],Revenue/Profit Sharing
['LICENCE AND MAINTENANCE AGREEMENT'],Volume Restriction
['LICENCE AND MAINTENANCE AGREEMENT'],Joint Ip Ownership
['LICENCE AND MAINTENANCE AGREEMENT'],License Grant
['LICENCE AND MAINTENANCE AGREEMENT'],Non-Transferable License
['LICENCE AND MAINTENANCE AGREEMENT'],Irrevocable Or Perpetual License
['LICENCE AND MAINTENANCE AGREEMENT'],Source Code Escrow
['LICENCE AND MAINTENANCE AGREEMENT'],Cap On Liability
['LICENCE AND MAINTENANCE AGREEMENT'],Insurance
['TECHNICAL INFRASTRUCTURE MAINTENANCE AGREEMENT'],Anti-Assignment
['TECHNICAL INFRASTRUCTURE MAINTENANCE AGREEMENT'],Volume Restriction
['TECHNICAL INFRASTRUCTURE MAINTENANCE AGREEMENT'],Cap On Liability
['TECHNICAL INFRASTRUCTURE MAINTENANCE AGREEMENT'],Warranty Duration
['MAINTENANCE AGREEMENT'],Termination For Convenience
['MAINTENANCE AGREEMENT'],Anti-Assignment
['MAINTENANCE AGREEMENT'],Cap On Liability
['MAINTENANCE AGREEMENT'],Insurance
['Amended and Restated Unconditional Capital Maintenance Agreement'],Minimum Commitment
['OPERATIONS AND MAINTENANCE AGREEMENT'],Termination For Convenience
['OPERATIONS AND MAINTENANCE AGREEMENT'],Anti-Assignment
['OPERATIONS AND MAINTENANCE AGREEMENT'],Post-Termination Services
['OPERATIONS AND MAINTENANCE AGREEMENT'],Audit Rights
['OPERATIONS AND MAINTENANCE AGREEMENT'],Cap On Liability
['OPERATIONS AND MAINTENANCE AGREEMENT'],Insurance
['Maintenance and Support Agreement'],No-Solicit Of Employees
['Maintenance and Support Agreement'],Change Of Control
['Maintenance and Support Agreement'],Anti-Assignment
['Maintenance and Support Agreement'],Minimum Commitment
['Maintenance and Support Agreement'],Volume Restriction
['Maintenance and Support Agreement'],License Grant
['Maintenance and Support Agreement'],Unlimited/All-You-Can-Eat-License
['Maintenance and Support Agreement'],Irrevocable Or Perpetual License
['Maintenance and Support Agreement'],Cap On Liability
['Maintenance and Support Agreement'],Warranty Duration
['ORDERLY MARKETING AGREEMENT'],Termination For Convenience
"['Sales, Marketing, Distribution, and Supply Agreement']",Exclusivity
"['Sales, Marketing, Distribution, and Supply Agreement']",Anti-Assignment
"['Sales, Marketing, Distribution, and Supply Agreement']",Minimum Commitment
"['Sales, Marketing, Distribution, and Supply Agreement']",License Grant
"['Sales, Marketing, Distribution, and Supply Agreement']",Post-Termination Services
"['Sales, Marketing, Distribution, and Supply Agreement']",Audit Rights
"['Sales, Marketing, Distribution, and Supply Agreement']",Cap On Liability
"['Sales, Marketing, Distribution, and Supply Agreement']",Liquidated Damages
"['Sales, Marketing, Distribution, and Supply Agreement']",Warranty Duration
"['Sales, Marketing, Distribution, and Supply Agreement']",Covenant Not To Sue
['SECOND AMENDED AND RESTATED EXCLUSIVE AGENCY AND MARKETING AGREEMENT'],Competitive Restriction Exception
['SECOND AMENDED AND RESTATED EXCLUSIVE AGENCY AND MARKETING AGREEMENT'],Non-Compete
['SECOND AMENDED AND RESTATED EXCLUSIVE AGENCY AND MARKETING AGREEMENT'],Exclusivity
['SECOND AMENDED AND RESTATED EXCLUSIVE AGENCY AND MARKETING AGREEMENT'],No-Solicit Of Employees
['SECOND AMENDED AND RESTATED EXCLUSIVE AGENCY AND MARKETING AGREEMENT'],Non-Disparagement
['SECOND AMENDED AND RESTATED EXCLUSIVE AGENCY AND MARKETING AGREEMENT'],Rofr/Rofo/Rofn
['SECOND AMENDED AND RESTATED EXCLUSIVE AGENCY AND MARKETING AGREEMENT'],Change Of Control
['SECOND AMENDED AND RESTATED EXCLUSIVE AGENCY AND MARKETING AGREEMENT'],Anti-Assignment
['SECOND AMENDED AND RESTATED EXCLUSIVE AGENCY AND MARKETING AGREEMENT'],Revenue/Profit Sharing
['SECOND AMENDED AND RESTATED EXCLUSIVE AGENCY AND MARKETING AGREEMENT'],License Grant
['SECOND AMENDED AND RESTATED EXCLUSIVE AGENCY AND MARKETING AGREEMENT'],Non-Transferable License
['SECOND AMENDED AND RESTATED EXCLUSIVE AGENCY AND MARKETING AGREEMENT'],Irrevocable Or Perpetual License
['SECOND AMENDED AND RESTATED EXCLUSIVE AGENCY AND MARKETING AGREEMENT'],Post-Termination Services
['SECOND AMENDED AND RESTATED EXCLUSIVE AGENCY AND MARKETING AGREEMENT'],Audit Rights
['SECOND AMENDED AND RESTATED EXCLUSIVE AGENCY AND MARKETING AGREEMENT'],Cap On Liability
['SECOND AMENDED AND RESTATED EXCLUSIVE AGENCY AND MARKETING AGREEMENT'],Liquidated Damages
['SECOND AMENDED AND RESTATED EXCLUSIVE AGENCY AND MARKETING AGREEMENT'],Insurance
['SECOND AMENDED AND RESTATED EXCLUSIVE AGENCY AND MARKETING AGREEMENT'],Covenant Not To Sue
['JOINT DEVELOPMENT AND MARKETING AGREEMENT'],Exclusivity
['JOINT DEVELOPMENT AND MARKETING AGREEMENT'],No-Solicit Of Employees
['JOINT DEVELOPMENT AND MARKETING AGREEMENT'],Change Of Control
['JOINT DEVELOPMENT AND MARKETING AGREEMENT'],Anti-Assignment
['JOINT DEVELOPMENT AND MARKETING AGREEMENT'],License Grant
['JOINT DEVELOPMENT AND MARKETING AGREEMENT'],Post-Termination Services
['JOINT DEVELOPMENT AND MARKETING AGREEMENT'],Insurance
['Marketing Agreement'],Competitive Restriction Exception
['Marketing Agreement'],No-Solicit Of Customers
['Marketing Agreement'],Anti-Assignment
['Marketing Agreement'],Minimum Commitment
['Marketing Agreement'],Ip Ownership Assignment
['Marketing Agreement'],Uncapped Liability
['Marketing Agreement'],Cap On Liability
['REMARKETING AGREEMENT'],Exclusivity
['REMARKETING AGREEMENT'],Anti-Assignment
['REMARKETING AGREEMENT'],Audit Rights
['REMARKETING AGREEMENT'],Covenant Not To Sue
['Remarketing Agreement'],Cap On Liability
['Remarketing Agreement'],Insurance
"['AMENDED AND RESTATED STRATEGIC LICENSING, DISTRIBUTION AND MARKETING AGREEMENT']",Non-Compete
"['AMENDED AND RESTATED STRATEGIC LICENSING, DISTRIBUTION AND MARKETING AGREEMENT']",Exclusivity
"['AMENDED AND RESTATED STRATEGIC LICENSING, DISTRIBUTION AND MARKETING AGREEMENT']",Termination For Convenience
"['AMENDED AND RESTATED STRATEGIC LICENSING, DISTRIBUTION AND MARKETING AGREEMENT']",Change Of Control
"['AMENDED AND RESTATED STRATEGIC LICENSING, DISTRIBUTION AND MARKETING AGREEMENT']",Anti-Assignment
"['AMENDED AND RESTATED STRATEGIC LICENSING, DISTRIBUTION AND MARKETING AGREEMENT']",Revenue/Profit Sharing
"['AMENDED AND RESTATED STRATEGIC LICENSING, DISTRIBUTION AND MARKETING AGREEMENT']",Ip Ownership Assignment
"['AMENDED AND RESTATED STRATEGIC LICENSING, DISTRIBUTION AND MARKETING AGREEMENT']",Joint Ip Ownership
"['AMENDED AND RESTATED STRATEGIC LICENSING, DISTRIBUTION AND MARKETING AGREEMENT']",License Grant
"['AMENDED AND RESTATED STRATEGIC LICENSING, DISTRIBUTION AND MARKETING AGREEMENT']",Non-Transferable License
"['AMENDED AND RESTATED STRATEGIC LICENSING, DISTRIBUTION AND MARKETING AGREEMENT']",Irrevocable Or Perpetual License
"['AMENDED AND RESTATED STRATEGIC LICENSING, DISTRIBUTION AND MARKETING AGREEMENT']",Post-Termination Services
"['AMENDED AND RESTATED STRATEGIC LICENSING, DISTRIBUTION AND MARKETING AGREEMENT']",Audit Rights
"['AMENDED AND RESTATED STRATEGIC LICENSING, DISTRIBUTION AND MARKETING AGREEMENT']",Uncapped Liability
"['AMENDED AND RESTATED STRATEGIC LICENSING, DISTRIBUTION AND MARKETING AGREEMENT']",Cap On Liability
"['AMENDED AND RESTATED STRATEGIC LICENSING, DISTRIBUTION AND MARKETING AGREEMENT']",Insurance
['Broker Dealer Marketing and Servicing Agreement for Variable Annuity Contracts'],Termination For Convenience
['Broker Dealer Marketing and Servicing Agreement for Variable Annuity Contracts'],Anti-Assignment
['Broker Dealer Marketing and Servicing Agreement for Variable Annuity Contracts'],Insurance
['AMENDED AND RESTATED REMARKETING AGREEMENT'],Exclusivity
['AMENDED AND RESTATED REMARKETING AGREEMENT'],Revenue/Profit Sharing
['AMENDED AND RESTATED REMARKETING AGREEMENT'],Minimum Commitment
['AMENDED AND RESTATED REMARKETING AGREEMENT'],Cap On Liability
['AMENDED AND RESTATED REMARKETING AGREEMENT'],Insurance
['AMENDED AND RESTATED REMARKETING AGREEMENT'],Third Party Beneficiary
['STRATEGIC SALES & MARKETING AGREEMENT'],Non-Compete
['STRATEGIC SALES & MARKETING AGREEMENT'],Termination For Convenience
['STRATEGIC SALES & MARKETING AGREEMENT'],Anti-Assignment
['STRATEGIC SALES & MARKETING AGREEMENT'],Revenue/Profit Sharing
['STRATEGIC SALES & MARKETING AGREEMENT'],Ip Ownership Assignment
['STRATEGIC SALES & MARKETING AGREEMENT'],Post-Termination Services
['STRATEGIC SALES & MARKETING AGREEMENT'],Insurance
"['MANUFACTURING, DESIGN AND MARKETING AGREEMENT (t']",Competitive Restriction Exception
"['MANUFACTURING, DESIGN AND MARKETING AGREEMENT (t']",No-Solicit Of Employees
"['MANUFACTURING, DESIGN AND MARKETING AGREEMENT (t']",Change Of Control
"['MANUFACTURING, DESIGN AND MARKETING AGREEMENT (t']",Anti-Assignment
"['MANUFACTURING, DESIGN AND MARKETING AGREEMENT (t']",Revenue/Profit Sharing
"['MANUFACTURING, DESIGN AND MARKETING AGREEMENT (t']",Post-Termination Services
"['MANUFACTURING, DESIGN AND MARKETING AGREEMENT (t']",Audit Rights
"['MANUFACTURING, DESIGN AND MARKETING AGREEMENT (t']",Cap On Liability
"['MANUFACTURING, DESIGN AND MARKETING AGREEMENT (t']",Liquidated Damages
"['MANUFACTURING, DESIGN AND MARKETING AGREEMENT (t']",Warranty Duration
['Sponsorship Agreement'],Competitive Restriction Exception
['Sponsorship Agreement'],Exclusivity
['Sponsorship Agreement'],Anti-Assignment
['Sponsorship Agreement'],License Grant
['SPONSORSHIP AGREEMENT'],Anti-Assignment
['SPONSORSHIP AGREEMENT'],Exclusivity
['SPONSORSHIP AGREEMENT'],Anti-Assignment
['SPONSORSHIP AGREEMENT'],Insurance
['SPONSORSHIP AGREEMENT'],Competitive Restriction Exception
['SPONSORSHIP AGREEMENT'],Non-Compete
['SPONSORSHIP AGREEMENT'],Anti-Assignment
['SPONSORSHIP AGREEMENT'],Minimum Commitment
['SPONSORSHIP AGREEMENT'],License Grant
['SPONSORSHIP AGREEMENT'],Audit Rights
['SPONSORSHIP AGREEMENT'],Uncapped Liability
['SPONSORSHIP AGREEMENT'],Cap On Liability
['SPONSORSHIP AGREEMENT'],Anti-Assignment
['SPONSORSHIP AGREEMENT'],Competitive Restriction Exception
['SPONSORSHIP AGREEMENT'],Exclusivity
['SPONSORSHIP AGREEMENT'],Anti-Assignment
['SPONSORSHIP AGREEMENT'],License Grant
['SPONSORSHIP AGREEMENT'],Non-Transferable License
['SPONSORSHIP AGREEMENT'],Cap On Liability
['SPONSORSHIP AGREEMENT'],Insurance
['SPONSORSHIP AGREEMENT'],Termination For Convenience
['SPONSORSHIP AGREEMENT'],Anti-Assignment
['SPONSORSHIP AGREEMENT'],Price Restrictions
['SPONSORSHIP AGREEMENT'],Minimum Commitment
['SPONSORSHIP AGREEMENT'],Uncapped Liability
['SPONSORSHIP AGREEMENT'],Cap On Liability
['SPONSORSHIP AGREEMENT'],Rofr/Rofo/Rofn
['SPONSORSHIP AGREEMENT'],Anti-Assignment
['SPONSORSHIP AGREEMENT'],License Grant
['SPONSORSHIP AGREEMENT'],Uncapped Liability
['SPONSORSHIP AGREEMENT'],Cap On Liability
['SPONSORSHIP AGREEMENT'],Insurance
['SPONSORSHIP AGREEMENT'],Covenant Not To Sue
['Reseller Agreement'],Exclusivity
['Reseller Agreement'],Termination For Convenience
['Reseller Agreement'],Anti-Assignment
['Reseller Agreement'],License Grant
['Reseller Agreement'],Non-Transferable License
['Reseller Agreement'],Audit Rights
['Reseller Agreement'],Uncapped Liability
['Reseller Agreement'],Cap On Liability
['Reseller Agreement'],Warranty Duration
['Reseller Agreement'],Covenant Not To Sue
['RESELLER AGREEMENT'],Competitive Restriction Exception
['RESELLER AGREEMENT'],Exclusivity
['RESELLER AGREEMENT'],No-Solicit Of Employees
['RESELLER AGREEMENT'],Termination For Convenience
['RESELLER AGREEMENT'],Anti-Assignment
['RESELLER AGREEMENT'],Minimum Commitment
['RESELLER AGREEMENT'],Volume Restriction
['RESELLER AGREEMENT'],License Grant
['RESELLER AGREEMENT'],Non-Transferable License
['RESELLER AGREEMENT'],Source Code Escrow
['RESELLER AGREEMENT'],Post-Termination Services
['RESELLER AGREEMENT'],Audit Rights
['RESELLER AGREEMENT'],Uncapped Liability
['RESELLER AGREEMENT'],Cap On Liability
['Reseller Agreement'],Competitive Restriction Exception
['Reseller Agreement'],Non-Compete
['Reseller Agreement'],Exclusivity
['Reseller Agreement'],No-Solicit Of Employees
['Reseller Agreement'],Termination For Convenience
['Reseller Agreement'],Anti-Assignment
['Reseller Agreement'],Minimum Commitment
['Reseller Agreement'],Volume Restriction
['Reseller Agreement'],Ip Ownership Assignment
['Reseller Agreement'],License Grant
['Reseller Agreement'],Non-Transferable License
['Reseller Agreement'],Irrevocable Or Perpetual License
['Reseller Agreement'],Post-Termination Services
['Reseller Agreement'],Cap On Liability
['Reseller Agreement'],Warranty Duration
['Reseller Agreement'],Insurance
['Reseller Agreement'],Covenant Not To Sue
['MASTER SUPPLY AGREEMENT'],Anti-Assignment
['MASTER SUPPLY AGREEMENT'],Audit Rights
['MASTER SUPPLY AGREEMENT'],Uncapped Liability
['MASTER SUPPLY AGREEMENT'],Cap On Liability
['MASTER SUPPLY AGREEMENT'],Insurance
['Supply Agreement'],Exclusivity
['Supply Agreement'],Minimum Commitment
['Supply Agreement'],Post-Termination Services
['Supply Agreement'],Audit Rights
['Supply Agreement'],Cap On Liability
['Supply Agreement'],Insurance
['SUPPLY AGREEMENT'],No-Solicit Of Employees
['SUPPLY AGREEMENT'],Termination For Convenience
['SUPPLY AGREEMENT'],Anti-Assignment
['SUPPLY AGREEMENT'],Minimum Commitment
['SUPPLY AGREEMENT'],Audit Rights
['SUPPLY AGREEMENT'],Uncapped Liability
['SUPPLY AGREEMENT'],Cap On Liability
['SUPPLY AGREEMENT'],Warranty Duration
['SUPPLY AGREEMENT'],Insurance
['SUPPLY AGREEMENT'],Change Of Control
['SUPPLY AGREEMENT'],Anti-Assignment
['SUPPLY AGREEMENT'],Audit Rights
['SUPPLY AGREEMENT'],Cap On Liability
['SUPPLY AGREEMENT'],Liquidated Damages
['SUPPLY AGREEMENT'],Warranty Duration
['SUPPLY AGREEMENT'],Insurance
['SUPPLY AGREEMENT'],Exclusivity
['SUPPLY AGREEMENT'],Price Restrictions
['SUPPLY AGREEMENT'],Cap On Liability
['SUPPLY AGREEMENT'],Warranty Duration
['SUPPLY AGREEMENT'],Competitive Restriction Exception
['SUPPLY AGREEMENT'],Termination For Convenience
['SUPPLY AGREEMENT'],Rofr/Rofo/Rofn
['SUPPLY AGREEMENT'],Change Of Control
['SUPPLY AGREEMENT'],Anti-Assignment
['SUPPLY AGREEMENT'],Minimum Commitment
['SUPPLY AGREEMENT'],Post-Termination Services
['SUPPLY AGREEMENT'],Audit Rights
['SUPPLY AGREEMENT'],Uncapped Liability
['SUPPLY AGREEMENT'],Cap On Liability
['SUPPLY AGREEMENT'],Insurance
['SUPPLY AGREEMENT'],Most Favored Nation
['SUPPLY AGREEMENT'],Exclusivity
['SUPPLY AGREEMENT'],Termination For Convenience
['SUPPLY AGREEMENT'],Anti-Assignment
['SUPPLY AGREEMENT'],Minimum Commitment
['SUPPLY AGREEMENT'],Volume Restriction
['SUPPLY AGREEMENT'],License Grant
['SUPPLY AGREEMENT'],Non-Transferable License
['SUPPLY AGREEMENT'],Irrevocable Or Perpetual License
['SUPPLY AGREEMENT'],Post-Termination Services
['SUPPLY AGREEMENT'],Audit Rights
['SUPPLY AGREEMENT'],Cap On Liability
['SUPPLY AGREEMENT'],Warranty Duration
['SUPPLY AGREEMENT'],Insurance
['ESCROW AGREEMENT'],Termination For Convenience
['ESCROW AGREEMENT'],Source Code Escrow
['ESCROW AGREEMENT'],Cap On Liability
"['ELECTRONIC JOURNAL SOFT WARE DEVELOPMENT,                         HOSTING AND MANAGEMENT AGREEMENT']",Competitive Restriction Exception
"['ELECTRONIC JOURNAL SOFT WARE DEVELOPMENT,                         HOSTING AND MANAGEMENT AGREEMENT']",Non-Compete
"['ELECTRONIC JOURNAL SOFT WARE DEVELOPMENT,                         HOSTING AND MANAGEMENT AGREEMENT']",Exclusivity
"['ELECTRONIC JOURNAL SOFT WARE DEVELOPMENT,                         HOSTING AND MANAGEMENT AGREEMENT']",Change Of Control
"['ELECTRONIC JOURNAL SOFT WARE DEVELOPMENT,                         HOSTING AND MANAGEMENT AGREEMENT']",Anti-Assignment
"['ELECTRONIC JOURNAL SOFT WARE DEVELOPMENT,                         HOSTING AND MANAGEMENT AGREEMENT']",Revenue/Profit Sharing
"['ELECTRONIC JOURNAL SOFT WARE DEVELOPMENT,                         HOSTING AND MANAGEMENT AGREEMENT']",Price Restrictions
"['ELECTRONIC JOURNAL SOFT WARE DEVELOPMENT,                         HOSTING AND MANAGEMENT AGREEMENT']",Ip Ownership Assignment
"['ELECTRONIC JOURNAL SOFT WARE DEVELOPMENT,                         HOSTING AND MANAGEMENT AGREEMENT']",License Grant
"['ELECTRONIC JOURNAL SOFT WARE DEVELOPMENT,                         HOSTING AND MANAGEMENT AGREEMENT']",Non-Transferable License
"['ELECTRONIC JOURNAL SOFT WARE DEVELOPMENT,                         HOSTING AND MANAGEMENT AGREEMENT']",Irrevocable Or Perpetual License
"['ELECTRONIC JOURNAL SOFT WARE DEVELOPMENT,                         HOSTING AND MANAGEMENT AGREEMENT']",Source Code Escrow
"['ELECTRONIC JOURNAL SOFT WARE DEVELOPMENT,                         HOSTING AND MANAGEMENT AGREEMENT']",Post-Termination Services
"['ELECTRONIC JOURNAL SOFT WARE DEVELOPMENT,                         HOSTING AND MANAGEMENT AGREEMENT']",Audit Rights
"['ELECTRONIC JOURNAL SOFT WARE DEVELOPMENT,                         HOSTING AND MANAGEMENT AGREEMENT']",Cap On Liability
"['ELECTRONIC JOURNAL SOFT WARE DEVELOPMENT,                         HOSTING AND MANAGEMENT AGREEMENT']",Liquidated Damages
['DEVELOPMENT AGREEMENT'],Competitive Restriction Exception
['DEVELOPMENT AGREEMENT'],Non-Compete
['DEVELOPMENT AGREEMENT'],Exclusivity
['DEVELOPMENT AGREEMENT'],Rofr/Rofo/Rofn
['DEVELOPMENT AGREEMENT'],Anti-Assignment
['DEVELOPMENT AGREEMENT'],Volume Restriction
['DEVELOPMENT AGREEMENT'],Joint Ip Ownership
['DEVELOPMENT AGREEMENT'],License Grant
['DEVELOPMENT AGREEMENT'],Non-Transferable License
['DEVELOPMENT AGREEMENT'],Unlimited/All-You-Can-Eat-License
['DEVELOPMENT AGREEMENT'],Audit Rights
['DEVELOPMENT AGREEMENT'],Cap On Liability
['AMENDMENT                                      TO THE                               DISTRIBUTOR AGREEMENT                                      BETWEEN                                   INGRAM MICRO                                        AND                                      NETGEAR'],Exclusivity
['DISTRIBUTOR AGREEMENT'],Exclusivity
['DISTRIBUTOR AGREEMENT'],No-Solicit Of Customers
['DISTRIBUTOR AGREEMENT'],Termination For Convenience
['DISTRIBUTOR AGREEMENT'],Anti-Assignment
['DISTRIBUTOR AGREEMENT'],Minimum Commitment
['DISTRIBUTOR AGREEMENT'],Volume Restriction
['DISTRIBUTOR AGREEMENT'],License Grant
['DISTRIBUTOR AGREEMENT'],Audit Rights
['DISTRIBUTOR AGREEMENT'],Uncapped Liability
['DISTRIBUTOR AGREEMENT'],Cap On Liability
['DISTRIBUTOR AGREEMENT'],Warranty Duration
['DISTRIBUTOR AGREEMENT'],Insurance
['FIRST AMENDMENT TO DISTRIBUTOR AGREEMENT'],Exclusivity
['FIRST AMENDMENT TO DISTRIBUTOR AGREEMENT'],Rofr/Rofo/Rofn
['FIRST AMENDMENT TO DISTRIBUTOR AGREEMENT'],Change Of Control
['FIRST AMENDMENT TO DISTRIBUTOR AGREEMENT'],Anti-Assignment
['FIRST AMENDMENT TO DISTRIBUTOR AGREEMENT'],Revenue/Profit Sharing
['DISTRIBUTOR AGREEMENT'],Non-Compete
['DISTRIBUTOR AGREEMENT'],Exclusivity
['DISTRIBUTOR AGREEMENT'],Change Of Control
['DISTRIBUTOR AGREEMENT'],Anti-Assignment
['DISTRIBUTOR AGREEMENT'],Revenue/Profit Sharing
['DISTRIBUTOR AGREEMENT'],Minimum Commitment
['DISTRIBUTOR AGREEMENT'],License Grant
['DISTRIBUTOR AGREEMENT'],Post-Termination Services
['DISTRIBUTOR AGREEMENT'],Audit Rights
['DISTRIBUTOR AGREEMENT'],Cap On Liability
['DISTRIBUTOR AGREEMENT'],Warranty Duration
['Endorsement Agreement'],Non-Compete
['Endorsement Agreement'],Exclusivity
['Endorsement Agreement'],Non-Disparagement
['Endorsement Agreement'],Anti-Assignment
['Endorsement Agreement'],Revenue/Profit Sharing
['Endorsement Agreement'],Minimum Commitment
['Endorsement Agreement'],Volume Restriction
['Endorsement Agreement'],Ip Ownership Assignment
['Endorsement Agreement'],License Grant
['Endorsement Agreement'],Post-Termination Services
['Endorsement Agreement'],Insurance
['Intellectual Property Rights Confidentiality and Non-Use Obligations Agreement'],Ip Ownership Assignment
"[""EXHIBIT 'B'""]",Competitive Restriction Exception
"[""EXHIBIT 'B'""]",No-Solicit Of Customers
"[""EXHIBIT 'B'""]",No-Solicit Of Employees
"[""EXHIBIT 'B'""]",Revenue/Profit Sharing
['Master Services Agreement'],Termination For Convenience
['Master Services Agreement'],Anti-Assignment
['Master Services Agreement'],Revenue/Profit Sharing
['Master Services Agreement'],License Grant
['Master Services Agreement'],Non-Transferable License
['Master Services Agreement'],Uncapped Liability
['Master Services Agreement'],Cap On Liability
